Employee_ID,ageGroup
EMP0001,30-39
EMP0002,40-49
EMP0003,50-59
EMP0004,20-29
EMP0005,40-49
EMP0006,50-59
EMP0007,30-39
EMP0008,40-49
EMP0009,50-59
EMP0010,30-39
EMP0011,30-39
EMP0012,40-49
EMP0013,40-49
EMP0014,50-59
EMP0015,30-39
EMP0016,50-59
EMP0017,30-39
EMP0018,40-49
EMP0019,40-49
EMP0020,50-59
EMP0021,20-29
EMP0022,20-29
EMP0023,40-49
EMP0024,50-59
EMP0025,50-59
EMP0026,40-49
EMP0027,30-39
EMP0028,50-59
EMP0029,40-49
EMP0030,50-59
EMP0031,20-29
EMP0032,30-39
EMP0033,40-49
EMP0034,40-49
EMP0035,30-39
EMP0036,40-49
EMP0037,40-49
EMP0038,30-39
EMP0039,20-29
EMP0040,40-49
EMP0041,30-39
EMP0042,50-59
EMP0043,50-59
EMP0044,50-59
EMP0045,50-59
EMP0046,30-39
EMP0047,30-39
EMP0048,30-39
EMP0049,20-29
EMP0050,30-39
EMP0051,20-29
EMP0052,40-49
EMP0053,40-49
EMP0054,60-69
EMP0055,20-29
EMP0056,30-39
EMP0057,40-49
EMP0058,50-59
EMP0059,20-29
EMP0060,20-29
EMP0061,20-29
EMP0062,30-39
EMP0063,20-29
EMP0064,20-29
EMP0065,60-69
EMP0066,50-59
EMP0067,40-49
EMP0068,60-69
EMP0069,30-39
EMP0070,20-29
EMP0071,40-49
EMP0072,50-59
EMP0073,20-29
EMP0074,20-29
EMP0075,30-39
EMP0076,40-49
EMP0077,30-39
EMP0078,20-29
EMP0079,20-29
EMP0080,20-29
EMP0081,50-59
EMP0082,40-49
EMP0083,50-59
EMP0084,20-29
EMP0085,50-59
EMP0086,50-59
EMP0087,50-59
EMP0088,20-29
EMP0089,20-29
EMP0090,50-59
EMP0091,50-59
EMP0092,20-29
EMP0093,40-49
EMP0094,40-49
EMP0095,60-69
EMP0096,40-49
EMP0097,30-39
EMP0098,40-49
EMP0099,30-39
EMP0100,50-59
EMP0101,30-39
EMP0102,30-39
EMP0103,40-49
EMP0104,50-59
EMP0105,40-49
EMP0106,40-49
EMP0107,20-29
EMP0108,40-49
EMP0109,50-59
EMP0110,30-39
EMP0111,30-39
EMP0112,40-49
EMP0113,40-49
EMP0114,40-49
EMP0115,50-59
EMP0116,20-29
EMP0117,30-39
EMP0118,50-59
EMP0119,30-39
EMP0120,40-49
EMP0121,40-49
EMP0122,40-49
EMP0123,50-59
EMP0124,50-59
EMP0125,40-49
EMP0126,50-59
EMP0127,30-39
EMP0128,50-59
EMP0129,20-29
EMP0130,20-29
EMP0131,30-39
EMP0132,30-39
EMP0133,50-59
EMP0134,20-29
EMP0135,60-69
EMP0136,50-59
EMP0137,40-49
EMP0138,40-49
EMP0139,50-59
EMP0140,40-49
EMP0141,30-39
EMP0142,40-49
EMP0143,20-29
EMP0144,50-59
EMP0145,40-49
EMP0146,40-49
EMP0147,30-39
EMP0148,40-49
EMP0149,40-49
EMP0150,50-59
EMP0151,40-49
EMP0152,50-59
EMP0153,30-39
EMP0154,20-29
EMP0155,30-39
EMP0156,40-49
EMP0157,30-39
EMP0158,30-39
EMP0159,40-49
EMP0160,40-49
EMP0161,30-39
EMP0162,40-49
EMP0163,20-29
EMP0164,20-29
EMP0165,40-49
EMP0166,20-29
EMP0167,40-49
EMP0168,60-69
EMP0169,30-39
EMP0170,50-59
EMP0171,30-39
EMP0172,30-39
EMP0173,30-39
EMP0174,20-29
EMP0175,30-39
EMP0176,30-39
EMP0177,50-59
EMP0178,40-49
EMP0179,50-59
EMP0180,40-49
EMP0181,30-39
EMP0182,40-49
EMP0183,20-29
EMP0184,50-59
EMP0185,20-29
EMP0186,40-49
EMP0187,50-59
EMP0188,20-29
EMP0189,40-49
EMP0190,40-49
EMP0191,40-49
EMP0192,30-39
EMP0193,50-59
EMP0194,50-59
EMP0195,50-59
EMP0196,30-39
EMP0197,50-59
EMP0198,50-59
EMP0199,20-29
EMP0200,30-39
EMP0201,40-49
EMP0202,50-59
EMP0203,50-59
EMP0204,50-59
EMP0205,50-59
EMP0206,50-59
EMP0207,50-59
EMP0208,30-39
EMP0209,30-39
EMP0210,40-49
EMP0211,40-49
EMP0212,60-69
EMP0213,40-49
EMP0214,20-29
EMP0215,40-49
EMP0216,20-29
EMP0217,30-39
EMP0218,30-39
EMP0219,50-59
EMP0220,40-49
EMP0221,40-49
EMP0222,30-39
EMP0223,30-39
EMP0224,20-29
EMP0225,50-59
EMP0226,40-49
EMP0227,40-49
EMP0228,20-29
EMP0229,30-39
EMP0230,40-49
EMP0231,50-59
EMP0232,30-39
EMP0233,20-29
EMP0234,30-39
EMP0235,20-29
EMP0236,30-39
EMP0237,20-29
EMP0238,50-59
EMP0239,50-59
EMP0240,50-59
EMP0241,30-39
EMP0242,20-29
EMP0243,30-39
EMP0244,30-39
EMP0245,50-59
EMP0246,50-59
EMP0247,30-39
EMP0248,30-39
EMP0249,30-39
EMP0250,20-29
EMP0251,30-39
EMP0252,30-39
EMP0253,40-49
EMP0254,40-49
EMP0255,40-49
EMP0256,20-29
EMP0257,50-59
EMP0258,40-49
EMP0259,30-39
EMP0260,50-59
EMP0261,50-59
EMP0262,50-59
EMP0263,30-39
EMP0264,50-59
EMP0265,50-59
EMP0266,50-59
EMP0267,40-49
EMP0268,40-49
EMP0269,50-59
EMP0270,30-39
EMP0271,40-49
EMP0272,40-49
EMP0273,60-69
EMP0274,50-59
EMP0275,60-69
EMP0276,20-29
EMP0277,30-39
EMP0278,50-59
EMP0279,30-39
EMP0280,30-39
EMP0281,40-49
EMP0282,50-59
EMP0283,40-49
EMP0284,20-29
EMP0285,20-29
EMP0286,40-49
EMP0287,30-39
EMP0288,40-49
EMP0289,20-29
EMP0290,30-39
EMP0291,40-49
EMP0292,40-49
EMP0293,30-39
EMP0294,40-49
EMP0295,20-29
EMP0296,30-39
EMP0297,40-49
EMP0298,20-29
EMP0299,40-49
EMP0300,40-49
EMP0301,20-29
EMP0302,40-49
EMP0303,60-69
EMP0304,40-49
EMP0305,40-49
EMP0306,20-29
EMP0307,30-39
EMP0308,20-29
EMP0309,20-29
EMP0310,40-49
EMP0311,40-49
EMP0312,40-49
EMP0313,30-39
EMP0314,40-49
EMP0315,50-59
EMP0316,40-49
EMP0317,40-49
EMP0318,60-69
EMP0319,50-59
EMP0320,40-49
EMP0321,40-49
EMP0322,20-29
EMP0323,30-39
EMP0324,40-49
EMP0325,30-39
EMP0326,50-59
EMP0327,50-59
EMP0328,50-59
EMP0329,30-39
EMP0330,40-49
EMP0331,20-29
EMP0332,30-39
EMP0333,30-39
EMP0334,50-59
EMP0335,20-29
EMP0336,50-59
EMP0337,60-69
EMP0338,30-39
EMP0339,30-39
EMP0340,40-49
EMP0341,50-59
EMP0342,40-49
EMP0343,40-49
EMP0344,40-49
EMP0345,50-59
EMP0346,50-59
EMP0347,20-29
EMP0348,20-29
EMP0349,40-49
EMP0350,60-69
EMP0351,20-29
EMP0352,50-59
EMP0353,30-39
EMP0354,40-49
EMP0355,50-59
EMP0356,40-49
EMP0357,30-39
EMP0358,20-29
EMP0359,40-49
EMP0360,50-59
EMP0361,50-59
EMP0362,50-59
EMP0363,30-39
EMP0364,40-49
EMP0365,50-59
EMP0366,30-39
EMP0367,40-49
EMP0368,50-59
EMP0369,30-39
EMP0370,50-59
EMP0371,40-49
EMP0372,50-59
EMP0373,30-39
EMP0374,30-39
EMP0375,30-39
EMP0376,20-29
EMP0377,30-39
EMP0378,30-39
EMP0379,50-59
EMP0380,20-29
EMP0381,30-39
EMP0382,50-59
EMP0383,50-59
EMP0384,20-29
EMP0385,50-59
EMP0386,30-39
EMP0387,20-29
EMP0388,40-49
EMP0389,30-39
EMP0390,30-39
EMP0391,50-59
EMP0392,50-59
EMP0393,40-49
EMP0394,50-59
EMP0395,40-49
EMP0396,30-39
EMP0397,30-39
EMP0398,30-39
EMP0399,50-59
EMP0400,50-59
EMP0401,50-59
EMP0402,50-59
EMP0403,50-59
EMP0404,50-59
EMP0405,40-49
EMP0406,40-49
EMP0407,20-29
EMP0408,50-59
EMP0409,20-29
EMP0410,30-39
EMP0411,20-29
EMP0412,20-29
EMP0413,50-59
EMP0414,40-49
EMP0415,30-39
EMP0416,50-59
EMP0417,20-29
EMP0418,50-59
EMP0419,60-69
EMP0420,40-49
EMP0421,20-29
EMP0422,20-29
EMP0423,20-29
EMP0424,20-29
EMP0425,50-59
EMP0426,30-39
EMP0427,20-29
EMP0428,40-49
EMP0429,30-39
EMP0430,30-39
EMP0431,30-39
EMP0432,20-29
EMP0433,50-59
EMP0434,40-49
EMP0435,50-59
EMP0436,50-59
EMP0437,50-59
EMP0438,40-49
EMP0439,40-49
EMP0440,20-29
EMP0441,20-29
EMP0442,50-59
EMP0443,50-59
EMP0444,20-29
EMP0445,20-29
EMP0446,50-59
EMP0447,30-39
EMP0448,20-29
EMP0449,50-59
EMP0450,50-59
EMP0451,50-59
EMP0452,30-39
EMP0453,40-49
EMP0454,30-39
EMP0455,50-59
EMP0456,60-69
EMP0457,30-39
EMP0458,30-39
EMP0459,50-59
EMP0460,50-59
EMP0461,40-49
EMP0462,30-39
EMP0463,50-59
EMP0464,40-49
EMP0465,50-59
EMP0466,30-39
EMP0467,40-49
EMP0468,30-39
EMP0469,30-39
EMP0470,50-59
EMP0471,30-39
EMP0472,50-59
EMP0473,50-59
EMP0474,30-39
EMP0475,40-49
EMP0476,50-59
EMP0477,30-39
EMP0478,50-59
EMP0479,50-59
EMP0480,40-49
EMP0481,20-29
EMP0482,30-39
EMP0483,20-29
EMP0484,20-29
EMP0485,20-29
EMP0486,50-59
EMP0487,40-49
EMP0488,40-49
EMP0489,30-39
EMP0490,40-49
EMP0491,50-59
EMP0492,40-49
EMP0493,20-29
EMP0494,40-49
EMP0495,30-39
EMP0496,40-49
EMP0497,40-49
EMP0498,20-29
EMP0499,50-59
EMP0500,50-59
EMP0501,50-59
EMP0502,50-59
EMP0503,30-39
EMP0504,30-39
EMP0505,50-59
EMP0506,40-49
EMP0507,20-29
EMP0508,40-49
EMP0509,30-39
EMP0510,40-49
EMP0511,30-39
EMP0512,30-39
EMP0513,40-49
EMP0514,40-49
EMP0515,30-39
EMP0516,40-49
EMP0517,50-59
EMP0518,60-69
EMP0519,40-49
EMP0520,40-49
EMP0521,30-39
EMP0522,60-69
EMP0523,30-39
EMP0524,60-69
EMP0525,50-59
EMP0526,20-29
EMP0527,30-39
EMP0528,20-29
EMP0529,20-29
EMP0530,20-29
EMP0531,30-39
EMP0532,50-59
EMP0533,50-59
EMP0534,40-49
EMP0535,20-29
EMP0536,30-39
EMP0537,50-59
EMP0538,40-49
EMP0539,30-39
EMP0540,50-59
EMP0541,50-59
EMP0542,40-49
EMP0543,50-59
EMP0544,60-69
EMP0545,60-69
EMP0546,20-29
EMP0547,20-29
EMP0548,40-49
EMP0549,40-49
EMP0550,20-29
EMP0551,20-29
EMP0552,30-39
EMP0553,20-29
EMP0554,30-39
EMP0555,50-59
EMP0556,40-49
EMP0557,40-49
EMP0558,20-29
EMP0559,50-59
EMP0560,30-39
EMP0561,30-39
EMP0562,40-49
EMP0563,20-29
EMP0564,50-59
EMP0565,30-39
EMP0566,30-39
EMP0567,20-29
EMP0568,50-59
EMP0569,20-29
EMP0570,40-49
EMP0571,40-49
EMP0572,40-49
EMP0573,50-59
EMP0574,50-59
EMP0575,40-49
EMP0576,20-29
EMP0577,40-49
EMP0578,50-59
EMP0579,40-49
EMP0580,40-49
EMP0581,20-29
EMP0582,30-39
EMP0583,50-59
EMP0584,60-69
EMP0585,30-39
EMP0586,40-49
EMP0587,50-59
EMP0588,50-59
EMP0589,40-49
EMP0590,50-59
EMP0591,30-39
EMP0592,30-39
EMP0593,30-39
EMP0594,30-39
EMP0595,50-59
EMP0596,40-49
EMP0597,30-39
EMP0598,50-59
EMP0599,20-29
EMP0600,40-49
EMP0601,30-39
EMP0602,20-29
EMP0603,50-59
EMP0604,40-49
EMP0605,40-49
EMP0606,30-39
EMP0607,20-29
EMP0608,30-39
EMP0609,60-69
EMP0610,30-39
EMP0611,40-49
EMP0612,20-29
EMP0613,20-29
EMP0614,50-59
EMP0615,30-39
EMP0616,50-59
EMP0617,30-39
EMP0618,50-59
EMP0619,50-59
EMP0620,20-29
EMP0621,20-29
EMP0622,30-39
EMP0623,20-29
EMP0624,30-39
EMP0625,40-49
EMP0626,20-29
EMP0627,20-29
EMP0628,30-39
EMP0629,50-59
EMP0630,50-59
EMP0631,20-29
EMP0632,50-59
EMP0633,40-49
EMP0634,30-39
EMP0635,40-49
EMP0636,40-49
EMP0637,20-29
EMP0638,40-49
EMP0639,50-59
EMP0640,50-59
EMP0641,30-39
EMP0642,50-59
EMP0643,30-39
EMP0644,30-39
EMP0645,30-39
EMP0646,50-59
EMP0647,30-39
EMP0648,30-39
EMP0649,40-49
EMP0650,50-59
EMP0651,20-29
EMP0652,20-29
EMP0653,20-29
EMP0654,40-49
EMP0655,50-59
EMP0656,20-29
EMP0657,20-29
EMP0658,30-39
EMP0659,50-59
EMP0660,40-49
EMP0661,40-49
EMP0662,30-39
EMP0663,40-49
EMP0664,40-49
EMP0665,40-49
EMP0666,30-39
EMP0667,20-29
EMP0668,40-49
EMP0669,50-59
EMP0670,50-59
EMP0671,40-49
EMP0672,20-29
EMP0673,60-69
EMP0674,50-59
EMP0675,30-39
EMP0676,30-39
EMP0677,40-49
EMP0678,40-49
EMP0679,20-29
EMP0680,40-49
EMP0681,30-39
EMP0682,50-59
EMP0683,30-39
EMP0684,40-49
EMP0685,50-59
EMP0686,50-59
EMP0687,30-39
EMP0688,50-59
EMP0689,50-59
EMP0690,40-49
EMP0691,30-39
EMP0692,40-49
EMP0693,40-49
EMP0694,50-59
EMP0695,40-49
EMP0696,50-59
EMP0697,20-29
EMP0698,40-49
EMP0699,50-59
EMP0700,40-49
EMP0701,40-49
EMP0702,20-29
EMP0703,50-59
EMP0704,30-39
EMP0705,20-29
EMP0706,40-49
EMP0707,50-59
EMP0708,50-59
EMP0709,40-49
EMP0710,30-39
EMP0711,30-39
EMP0712,50-59
EMP0713,40-49
EMP0714,20-29
EMP0715,20-29
EMP0716,40-49
EMP0717,50-59
EMP0718,30-39
EMP0719,50-59
EMP0720,40-49
EMP0721,20-29
EMP0722,40-49
EMP0723,40-49
EMP0724,50-59
EMP0725,60-69
EMP0726,40-49
EMP0727,40-49
EMP0728,50-59
EMP0729,60-69
EMP0730,50-59
EMP0731,40-49
EMP0732,40-49
EMP0733,40-49
EMP0734,40-49
EMP0735,40-49
EMP0736,20-29
EMP0737,30-39
EMP0738,50-59
EMP0739,20-29
EMP0740,40-49
EMP0741,60-69
EMP0742,40-49
EMP0743,50-59
EMP0744,50-59
EMP0745,40-49
EMP0746,20-29
EMP0747,50-59
EMP0748,20-29
EMP0749,40-49
EMP0750,20-29
EMP0751,50-59
EMP0752,30-39
EMP0753,40-49
EMP0754,50-59
EMP0755,50-59
EMP0756,40-49
EMP0757,40-49
EMP0758,30-39
EMP0759,50-59
EMP0760,30-39
EMP0761,20-29
EMP0762,30-39
EMP0763,50-59
EMP0764,20-29
EMP0765,30-39
EMP0766,30-39
EMP0767,40-49
EMP0768,40-49
EMP0769,30-39
EMP0770,40-49
EMP0771,30-39
EMP0772,30-39
EMP0773,40-49
EMP0774,50-59
EMP0775,40-49
EMP0776,40-49
EMP0777,30-39
EMP0778,50-59
EMP0779,20-29
EMP0780,30-39
EMP0781,60-69
EMP0782,40-49
EMP0783,20-29
EMP0784,30-39
EMP0785,20-29
EMP0786,40-49
EMP0787,20-29
EMP0788,20-29
EMP0789,20-29
EMP0790,20-29
EMP0791,40-49
EMP0792,40-49
EMP0793,60-69
EMP0794,50-59
EMP0795,20-29
EMP0796,40-49
EMP0797,30-39
EMP0798,50-59
EMP0799,40-49
EMP0800,30-39
EMP0801,40-49
EMP0802,20-29
EMP0803,20-29
EMP0804,30-39
EMP0805,40-49
EMP0806,40-49
EMP0807,40-49
EMP0808,50-59
EMP0809,30-39
EMP0810,40-49
EMP0811,40-49
EMP0812,30-39
EMP0813,20-29
EMP0814,40-49
EMP0815,50-59
EMP0816,30-39
EMP0817,30-39
EMP0818,20-29
EMP0819,30-39
EMP0820,50-59
EMP0821,50-59
EMP0822,50-59
EMP0823,50-59
EMP0824,40-49
EMP0825,40-49
EMP0826,20-29
EMP0827,40-49
EMP0828,30-39
EMP0829,50-59
EMP0830,40-49
EMP0831,40-49
EMP0832,30-39
EMP0833,20-29
EMP0834,40-49
EMP0835,40-49
EMP0836,50-59
EMP0837,40-49
EMP0838,50-59
EMP0839,50-59
EMP0840,30-39
EMP0841,50-59
EMP0842,50-59
EMP0843,40-49
EMP0844,60-69
EMP0845,20-29
EMP0846,30-39
EMP0847,50-59
EMP0848,30-39
EMP0849,40-49
EMP0850,40-49
EMP0851,50-59
EMP0852,20-29
EMP0853,50-59
EMP0854,20-29
EMP0855,40-49
EMP0856,40-49
EMP0857,30-39
EMP0858,20-29
EMP0859,40-49
EMP0860,40-49
EMP0861,30-39
EMP0862,30-39
EMP0863,30-39
EMP0864,20-29
EMP0865,50-59
EMP0866,50-59
EMP0867,30-39
EMP0868,20-29
EMP0869,50-59
EMP0870,30-39
EMP0871,30-39
EMP0872,60-69
EMP0873,50-59
EMP0874,50-59
EMP0875,40-49
EMP0876,30-39
EMP0877,30-39
EMP0878,30-39
EMP0879,40-49
EMP0880,40-49
EMP0881,50-59
EMP0882,20-29
EMP0883,30-39
EMP0884,40-49
EMP0885,50-59
EMP0886,50-59
EMP0887,50-59
EMP0888,30-39
EMP0889,40-49
EMP0890,30-39
EMP0891,50-59
EMP0892,30-39
EMP0893,20-29
EMP0894,60-69
EMP0895,30-39
EMP0896,40-49
EMP0897,50-59
EMP0898,50-59
EMP0899,50-59
EMP0900,30-39
EMP0901,30-39
EMP0902,60-69
EMP0903,30-39
EMP0904,50-59
EMP0905,60-69
EMP0906,40-49
EMP0907,40-49
EMP0908,60-69
EMP0909,40-49
EMP0910,50-59
EMP0911,20-29
EMP0912,40-49
EMP0913,40-49
EMP0914,40-49
EMP0915,30-39
EMP0916,40-49
EMP0917,40-49
EMP0918,40-49
EMP0919,40-49
EMP0920,20-29
EMP0921,30-39
EMP0922,40-49
EMP0923,40-49
EMP0924,20-29
EMP0925,50-59
EMP0926,20-29
EMP0927,30-39
EMP0928,50-59
EMP0929,20-29
EMP0930,20-29
EMP0931,40-49
EMP0932,50-59
EMP0933,30-39
EMP0934,20-29
EMP0935,30-39
EMP0936,40-49
EMP0937,20-29
EMP0938,40-49
EMP0939,50-59
EMP0940,60-69
EMP0941,40-49
EMP0942,30-39
EMP0943,50-59
EMP0944,30-39
EMP0945,30-39
EMP0946,30-39
EMP0947,20-29
EMP0948,40-49
EMP0949,40-49
EMP0950,40-49
EMP0951,50-59
EMP0952,40-49
EMP0953,30-39
EMP0954,50-59
EMP0955,40-49
EMP0956,40-49
EMP0957,30-39
EMP0958,30-39
EMP0959,40-49
EMP0960,40-49
EMP0961,50-59
EMP0962,50-59
EMP0963,20-29
EMP0964,30-39
EMP0965,30-39
EMP0966,40-49
EMP0967,40-49
EMP0968,20-29
EMP0969,20-29
EMP0970,20-29
EMP0971,30-39
EMP0972,50-59
EMP0973,30-39
EMP0974,30-39
EMP0975,40-49
EMP0976,40-49
EMP0977,40-49
EMP0978,50-59
EMP0979,20-29
EMP0980,20-29
EMP0981,20-29
EMP0982,30-39
EMP0983,20-29
EMP0984,30-39
EMP0985,20-29
EMP0986,50-59
EMP0987,20-29
EMP0988,50-59
EMP0989,60-69
EMP0990,40-49
EMP0991,30-39
EMP0992,30-39
EMP0993,40-49
EMP0994,40-49
EMP0995,30-39
EMP0996,30-39
EMP0997,20-29
EMP0998,40-49
EMP0999,40-49
EMP1000,50-59
EMP1001,50-59
EMP1002,50-59
EMP1003,40-49
EMP1004,40-49
EMP1005,40-49
EMP1006,30-39
EMP1007,50-59
EMP1008,50-59
EMP1009,30-39
EMP1010,30-39
EMP1011,20-29
EMP1012,30-39
EMP1013,40-49
EMP1014,20-29
EMP1015,20-29
EMP1016,50-59
EMP1017,50-59
EMP1018,40-49
EMP1019,30-39
EMP1020,20-29
EMP1021,30-39
EMP1022,30-39
EMP1023,50-59
EMP1024,30-39
EMP1025,20-29
EMP1026,30-39
EMP1027,50-59
EMP1028,50-59
EMP1029,40-49
EMP1030,20-29
EMP1031,20-29
EMP1032,40-49
EMP1033,20-29
EMP1034,60-69
EMP1035,50-59
EMP1036,20-29
EMP1037,20-29
EMP1038,20-29
EMP1039,50-59
EMP1040,50-59
EMP1041,50-59
EMP1042,50-59
EMP1043,40-49
EMP1044,30-39
EMP1045,50-59
EMP1046,30-39
EMP1047,20-29
EMP1048,50-59
EMP1049,40-49
EMP1050,30-39
EMP1051,40-49
EMP1052,40-49
EMP1053,20-29
EMP1054,20-29
EMP1055,40-49
EMP1056,30-39
EMP1057,40-49
EMP1058,20-29
EMP1059,30-39
EMP1060,20-29
EMP1061,30-39
EMP1062,40-49
EMP1063,20-29
EMP1064,50-59
EMP1065,50-59
EMP1066,30-39
EMP1067,50-59
EMP1068,40-49
EMP1069,40-49
EMP1070,50-59
EMP1071,20-29
EMP1072,40-49
EMP1073,20-29
EMP1074,50-59
EMP1075,50-59
EMP1076,50-59
EMP1077,20-29
EMP1078,50-59
EMP1079,40-49
EMP1080,20-29
EMP1081,20-29
EMP1082,60-69
EMP1083,20-29
EMP1084,20-29
EMP1085,30-39
EMP1086,40-49
EMP1087,20-29
EMP1088,20-29
EMP1089,50-59
EMP1090,30-39
EMP1091,40-49
EMP1092,40-49
EMP1093,30-39
EMP1094,20-29
EMP1095,40-49
EMP1096,20-29
EMP1097,50-59
EMP1098,60-69
EMP1099,50-59
EMP1100,20-29
EMP1101,60-69
EMP1102,50-59
EMP1103,20-29
EMP1104,20-29
EMP1105,30-39
EMP1106,50-59
EMP1107,40-49
EMP1108,30-39
EMP1109,30-39
EMP1110,20-29
EMP1111,40-49
EMP1112,40-49
EMP1113,30-39
EMP1114,50-59
EMP1115,30-39
EMP1116,40-49
EMP1117,40-49
EMP1118,30-39
EMP1119,60-69
EMP1120,20-29
EMP1121,30-39
EMP1122,50-59
EMP1123,50-59
EMP1124,50-59
EMP1125,50-59
EMP1126,30-39
EMP1127,50-59
EMP1128,30-39
EMP1129,50-59
EMP1130,20-29
EMP1131,50-59
EMP1132,40-49
EMP1133,50-59
EMP1134,20-29
EMP1135,20-29
EMP1136,20-29
EMP1137,20-29
EMP1138,20-29
EMP1139,30-39
EMP1140,50-59
EMP1141,50-59
EMP1142,50-59
EMP1143,20-29
EMP1144,40-49
EMP1145,40-49
EMP1146,30-39
EMP1147,60-69
EMP1148,20-29
EMP1149,30-39
EMP1150,50-59
EMP1151,50-59
EMP1152,20-29
EMP1153,40-49
EMP1154,40-49
EMP1155,40-49
EMP1156,50-59
EMP1157,50-59
EMP1158,20-29
EMP1159,30-39
EMP1160,40-49
EMP1161,30-39
EMP1162,50-59
EMP1163,20-29
EMP1164,50-59
EMP1165,60-69
EMP1166,30-39
EMP1167,20-29
EMP1168,30-39
EMP1169,40-49
EMP1170,50-59
EMP1171,30-39
EMP1172,40-49
EMP1173,30-39
EMP1174,50-59
EMP1175,20-29
EMP1176,30-39
EMP1177,20-29
EMP1178,20-29
EMP1179,20-29
EMP1180,40-49
EMP1181,50-59
EMP1182,30-39
EMP1183,50-59
EMP1184,20-29
EMP1185,30-39
EMP1186,50-59
EMP1187,30-39
EMP1188,50-59
EMP1189,30-39
EMP1190,40-49
EMP1191,40-49
EMP1192,20-29
EMP1193,30-39
EMP1194,20-29
EMP1195,40-49
EMP1196,40-49
EMP1197,30-39
EMP1198,30-39
EMP1199,50-59
EMP1200,30-39
EMP1201,50-59
EMP1202,40-49
EMP1203,40-49
EMP1204,30-39
EMP1205,50-59
EMP1206,40-49
EMP1207,50-59
EMP1208,60-69
EMP1209,20-29
EMP1210,50-59
EMP1211,20-29
EMP1212,20-29
EMP1213,30-39
EMP1214,40-49
EMP1215,30-39
EMP1216,20-29
EMP1217,50-59
EMP1218,40-49
EMP1219,50-59
EMP1220,50-59
EMP1221,30-39
EMP1222,30-39
EMP1223,20-29
EMP1224,20-29
EMP1225,40-49
EMP1226,40-49
EMP1227,40-49
EMP1228,30-39
EMP1229,40-49
EMP1230,40-49
EMP1231,20-29
EMP1232,40-49
EMP1233,30-39
EMP1234,40-49
EMP1235,50-59
EMP1236,30-39
EMP1237,50-59
EMP1238,20-29
EMP1239,40-49
EMP1240,20-29
EMP1241,50-59
EMP1242,30-39
EMP1243,40-49
EMP1244,30-39
EMP1245,40-49
EMP1246,40-49
EMP1247,40-49
EMP1248,50-59
EMP1249,40-49
EMP1250,20-29
EMP1251,50-59
EMP1252,40-49
EMP1253,20-29
EMP1254,20-29
EMP1255,40-49
EMP1256,40-49
EMP1257,40-49
EMP1258,30-39
EMP1259,50-59
EMP1260,20-29
EMP1261,20-29
EMP1262,20-29
EMP1263,50-59
EMP1264,50-59
EMP1265,30-39
EMP1266,30-39
EMP1267,40-49
EMP1268,20-29
EMP1269,50-59
EMP1270,20-29
EMP1271,20-29
EMP1272,40-49
EMP1273,50-59
EMP1274,30-39
EMP1275,50-59
EMP1276,50-59
EMP1277,20-29
EMP1278,50-59
EMP1279,50-59
EMP1280,50-59
EMP1281,30-39
EMP1282,30-39
EMP1283,40-49
EMP1284,20-29
EMP1285,40-49
EMP1286,50-59
EMP1287,30-39
EMP1288,50-59
EMP1289,30-39
EMP1290,20-29
EMP1291,20-29
EMP1292,40-49
EMP1293,20-29
EMP1294,40-49
EMP1295,20-29
EMP1296,30-39
EMP1297,40-49
EMP1298,40-49
EMP1299,50-59
EMP1300,30-39
EMP1301,30-39
EMP1302,50-59
EMP1303,50-59
EMP1304,50-59
EMP1305,30-39
EMP1306,50-59
EMP1307,40-49
EMP1308,50-59
EMP1309,20-29
EMP1310,60-69
EMP1311,40-49
EMP1312,20-29
EMP1313,20-29
EMP1314,30-39
EMP1315,50-59
EMP1316,40-49
EMP1317,40-49
EMP1318,40-49
EMP1319,50-59
EMP1320,50-59
EMP1321,50-59
EMP1322,40-49
EMP1323,20-29
EMP1324,30-39
EMP1325,50-59
EMP1326,30-39
EMP1327,20-29
EMP1328,40-49
EMP1329,20-29
EMP1330,30-39
EMP1331,20-29
EMP1332,60-69
EMP1333,50-59
EMP1334,20-29
EMP1335,50-59
EMP1336,40-49
EMP1337,30-39
EMP1338,50-59
EMP1339,40-49
EMP1340,30-39
EMP1341,40-49
EMP1342,20-29
EMP1343,40-49
EMP1344,40-49
EMP1345,40-49
EMP1346,30-39
EMP1347,20-29
EMP1348,50-59
EMP1349,50-59
EMP1350,50-59
EMP1351,20-29
EMP1352,50-59
EMP1353,50-59
EMP1354,40-49
EMP1355,30-39
EMP1356,40-49
EMP1357,40-49
EMP1358,50-59
EMP1359,20-29
EMP1360,20-29
EMP1361,30-39
EMP1362,40-49
EMP1363,20-29
EMP1364,30-39
EMP1365,30-39
EMP1366,20-29
EMP1367,50-59
EMP1368,40-49
EMP1369,40-49
EMP1370,40-49
EMP1371,40-49
EMP1372,30-39
EMP1373,50-59
EMP1374,60-69
EMP1375,40-49
EMP1376,30-39
EMP1377,40-49
EMP1378,30-39
EMP1379,30-39
EMP1380,40-49
EMP1381,40-49
EMP1382,30-39
EMP1383,20-29
EMP1384,50-59
EMP1385,20-29
EMP1386,50-59
EMP1387,50-59
EMP1388,60-69
EMP1389,20-29
EMP1390,40-49
EMP1391,20-29
EMP1392,50-59
EMP1393,30-39
EMP1394,40-49
EMP1395,50-59
EMP1396,40-49
EMP1397,30-39
EMP1398,50-59
EMP1399,20-29
EMP1400,50-59
EMP1401,20-29
EMP1402,30-39
EMP1403,50-59
EMP1404,40-49
EMP1405,20-29
EMP1406,40-49
EMP1407,40-49
EMP1408,20-29
EMP1409,50-59
EMP1410,30-39
EMP1411,30-39
EMP1412,20-29
EMP1413,40-49
EMP1414,30-39
EMP1415,30-39
EMP1416,30-39
EMP1417,40-49
EMP1418,30-39
EMP1419,30-39
EMP1420,30-39
EMP1421,50-59
EMP1422,20-29
EMP1423,20-29
EMP1424,40-49
EMP1425,20-29
EMP1426,40-49
EMP1427,30-39
EMP1428,30-39
EMP1429,40-49
EMP1430,40-49
EMP1431,40-49
EMP1432,20-29
EMP1433,50-59
EMP1434,50-59
EMP1435,40-49
EMP1436,50-59
EMP1437,20-29
EMP1438,30-39
EMP1439,50-59
EMP1440,50-59
EMP1441,20-29
EMP1442,40-49
EMP1443,30-39
EMP1444,30-39
EMP1445,20-29
EMP1446,50-59
EMP1447,40-49
EMP1448,40-49
EMP1449,20-29
EMP1450,20-29
EMP1451,20-29
EMP1452,30-39
EMP1453,50-59
EMP1454,50-59
EMP1455,20-29
EMP1456,40-49
EMP1457,50-59
EMP1458,50-59
EMP1459,50-59
EMP1460,20-29
EMP1461,40-49
EMP1462,30-39
EMP1463,50-59
EMP1464,50-59
EMP1465,30-39
EMP1466,50-59
EMP1467,40-49
EMP1468,40-49
EMP1469,20-29
EMP1470,50-59
EMP1471,30-39
EMP1472,50-59
EMP1473,30-39
EMP1474,40-49
EMP1475,20-29
EMP1476,40-49
EMP1477,20-29
EMP1478,40-49
EMP1479,40-49
EMP1480,50-59
EMP1481,40-49
EMP1482,20-29
EMP1483,30-39
EMP1484,30-39
EMP1485,40-49
EMP1486,40-49
EMP1487,30-39
EMP1488,20-29
EMP1489,20-29
EMP1490,60-69
EMP1491,50-59
EMP1492,30-39
EMP1493,30-39
EMP1494,20-29
EMP1495,40-49
EMP1496,20-29
EMP1497,50-59
EMP1498,60-69
EMP1499,30-39
EMP1500,40-49
EMP1501,30-39
EMP1502,40-49
EMP1503,40-49
EMP1504,20-29
EMP1505,40-49
EMP1506,60-69
EMP1507,40-49
EMP1508,20-29
EMP1509,40-49
EMP1510,20-29
EMP1511,40-49
EMP1512,20-29
EMP1513,40-49
EMP1514,20-29
EMP1515,50-59
EMP1516,40-49
EMP1517,50-59
EMP1518,40-49
EMP1519,20-29
EMP1520,50-59
EMP1521,40-49
EMP1522,20-29
EMP1523,40-49
EMP1524,50-59
EMP1525,20-29
EMP1526,20-29
EMP1527,40-49
EMP1528,50-59
EMP1529,40-49
EMP1530,40-49
EMP1531,40-49
EMP1532,40-49
EMP1533,20-29
EMP1534,40-49
EMP1535,30-39
EMP1536,50-59
EMP1537,20-29
EMP1538,40-49
EMP1539,40-49
EMP1540,50-59
EMP1541,20-29
EMP1542,50-59
EMP1543,30-39
EMP1544,30-39
EMP1545,30-39
EMP1546,60-69
EMP1547,20-29
EMP1548,40-49
EMP1549,40-49
EMP1550,20-29
EMP1551,30-39
EMP1552,20-29
EMP1553,30-39
EMP1554,40-49
EMP1555,50-59
EMP1556,20-29
EMP1557,30-39
EMP1558,40-49
EMP1559,60-69
EMP1560,20-29
EMP1561,20-29
EMP1562,50-59
EMP1563,30-39
EMP1564,30-39
EMP1565,20-29
EMP1566,50-59
EMP1567,30-39
EMP1568,30-39
EMP1569,50-59
EMP1570,20-29
EMP1571,50-59
EMP1572,30-39
EMP1573,40-49
EMP1574,50-59
EMP1575,30-39
EMP1576,20-29
EMP1577,20-29
EMP1578,50-59
EMP1579,50-59
EMP1580,40-49
EMP1581,40-49
EMP1582,20-29
EMP1583,50-59
EMP1584,20-29
EMP1585,30-39
EMP1586,50-59
EMP1587,20-29
EMP1588,40-49
EMP1589,50-59
EMP1590,30-39
EMP1591,30-39
EMP1592,50-59
EMP1593,50-59
EMP1594,20-29
EMP1595,40-49
EMP1596,40-49
EMP1597,40-49
EMP1598,40-49
EMP1599,40-49
EMP1600,20-29
EMP1601,30-39
EMP1602,30-39
EMP1603,50-59
EMP1604,30-39
EMP1605,30-39
EMP1606,20-29
EMP1607,30-39
EMP1608,20-29
EMP1609,50-59
EMP1610,50-59
EMP1611,30-39
EMP1612,20-29
EMP1613,50-59
EMP1614,30-39
EMP1615,20-29
EMP1616,50-59
EMP1617,30-39
EMP1618,20-29
EMP1619,30-39
EMP1620,30-39
EMP1621,40-49
EMP1622,40-49
EMP1623,30-39
EMP1624,40-49
EMP1625,30-39
EMP1626,50-59
EMP1627,30-39
EMP1628,40-49
EMP1629,30-39
EMP1630,30-39
EMP1631,50-59
EMP1632,50-59
EMP1633,30-39
EMP1634,50-59
EMP1635,50-59
EMP1636,30-39
EMP1637,50-59
EMP1638,40-49
EMP1639,30-39
EMP1640,40-49
EMP1641,50-59
EMP1642,20-29
EMP1643,40-49
EMP1644,50-59
EMP1645,30-39
EMP1646,30-39
EMP1647,60-69
EMP1648,50-59
EMP1649,40-49
EMP1650,40-49
EMP1651,50-59
EMP1652,40-49
EMP1653,30-39
EMP1654,20-29
EMP1655,30-39
EMP1656,50-59
EMP1657,30-39
EMP1658,30-39
EMP1659,40-49
EMP1660,40-49
EMP1661,50-59
EMP1662,40-49
EMP1663,50-59
EMP1664,30-39
EMP1665,30-39
EMP1666,30-39
EMP1667,40-49
EMP1668,30-39
EMP1669,20-29
EMP1670,30-39
EMP1671,30-39
EMP1672,40-49
EMP1673,30-39
EMP1674,50-59
EMP1675,30-39
EMP1676,40-49
EMP1677,40-49
EMP1678,40-49
EMP1679,40-49
EMP1680,40-49
EMP1681,30-39
EMP1682,30-39
EMP1683,30-39
EMP1684,50-59
EMP1685,40-49
EMP1686,40-49
EMP1687,40-49
EMP1688,40-49
EMP1689,60-69
EMP1690,50-59
EMP1691,30-39
EMP1692,50-59
EMP1693,50-59
EMP1694,20-29
EMP1695,30-39
EMP1696,50-59
EMP1697,50-59
EMP1698,30-39
EMP1699,40-49
EMP1700,40-49
EMP1701,20-29
EMP1702,50-59
EMP1703,40-49
EMP1704,50-59
EMP1705,30-39
EMP1706,40-49
EMP1707,20-29
EMP1708,50-59
EMP1709,20-29
EMP1710,40-49
EMP1711,50-59
EMP1712,40-49
EMP1713,30-39
EMP1714,30-39
EMP1715,30-39
EMP1716,40-49
EMP1717,50-59
EMP1718,50-59
EMP1719,50-59
EMP1720,40-49
EMP1721,30-39
EMP1722,30-39
EMP1723,20-29
EMP1724,40-49
EMP1725,50-59
EMP1726,30-39
EMP1727,30-39
EMP1728,20-29
EMP1729,50-59
EMP1730,40-49
EMP1731,40-49
EMP1732,30-39
EMP1733,50-59
EMP1734,20-29
EMP1735,20-29
EMP1736,40-49
EMP1737,20-29
EMP1738,40-49
EMP1739,30-39
EMP1740,30-39
EMP1741,50-59
EMP1742,50-59
EMP1743,20-29
EMP1744,20-29
EMP1745,50-59
EMP1746,40-49
EMP1747,20-29
EMP1748,20-29
EMP1749,30-39
EMP1750,30-39
EMP1751,30-39
EMP1752,50-59
EMP1753,50-59
EMP1754,40-49
EMP1755,50-59
EMP1756,20-29
EMP1757,50-59
EMP1758,30-39
EMP1759,30-39
EMP1760,20-29
EMP1761,20-29
EMP1762,20-29
EMP1763,50-59
EMP1764,30-39
EMP1765,40-49
EMP1766,30-39
EMP1767,20-29
EMP1768,40-49
EMP1769,40-49
EMP1770,30-39
EMP1771,40-49
EMP1772,20-29
EMP1773,50-59
EMP1774,30-39
EMP1775,40-49
EMP1776,60-69
EMP1777,40-49
EMP1778,40-49
EMP1779,50-59
EMP1780,30-39
EMP1781,20-29
EMP1782,30-39
EMP1783,40-49
EMP1784,30-39
EMP1785,20-29
EMP1786,20-29
EMP1787,30-39
EMP1788,40-49
EMP1789,20-29
EMP1790,30-39
EMP1791,30-39
EMP1792,30-39
EMP1793,20-29
EMP1794,50-59
EMP1795,50-59
EMP1796,30-39
EMP1797,30-39
EMP1798,40-49
EMP1799,40-49
EMP1800,50-59
EMP1801,50-59
EMP1802,40-49
EMP1803,40-49
EMP1804,50-59
EMP1805,30-39
EMP1806,50-59
EMP1807,50-59
EMP1808,20-29
EMP1809,40-49
EMP1810,40-49
EMP1811,40-49
EMP1812,20-29
EMP1813,40-49
EMP1814,50-59
EMP1815,50-59
EMP1816,40-49
EMP1817,30-39
EMP1818,30-39
EMP1819,50-59
EMP1820,50-59
EMP1821,20-29
EMP1822,40-49
EMP1823,20-29
EMP1824,30-39
EMP1825,30-39
EMP1826,30-39
EMP1827,50-59
EMP1828,40-49
EMP1829,50-59
EMP1830,40-49
EMP1831,20-29
EMP1832,20-29
EMP1833,20-29
EMP1834,40-49
EMP1835,30-39
EMP1836,40-49
EMP1837,50-59
EMP1838,20-29
EMP1839,40-49
EMP1840,40-49
EMP1841,40-49
EMP1842,60-69
EMP1843,20-29
EMP1844,50-59
EMP1845,20-29
EMP1846,40-49
EMP1847,20-29
EMP1848,30-39
EMP1849,20-29
EMP1850,50-59
EMP1851,50-59
EMP1852,50-59
EMP1853,30-39
EMP1854,50-59
EMP1855,30-39
EMP1856,30-39
EMP1857,40-49
EMP1858,30-39
EMP1859,30-39
EMP1860,20-29
EMP1861,30-39
EMP1862,50-59
EMP1863,20-29
EMP1864,40-49
EMP1865,40-49
EMP1866,40-49
EMP1867,30-39
EMP1868,30-39
EMP1869,30-39
EMP1870,20-29
EMP1871,20-29
EMP1872,50-59
EMP1873,60-69
EMP1874,30-39
EMP1875,30-39
EMP1876,30-39
EMP1877,30-39
EMP1878,40-49
EMP1879,20-29
EMP1880,40-49
EMP1881,30-39
EMP1882,20-29
EMP1883,50-59
EMP1884,40-49
EMP1885,20-29
EMP1886,50-59
EMP1887,40-49
EMP1888,40-49
EMP1889,40-49
EMP1890,50-59
EMP1891,40-49
EMP1892,30-39
EMP1893,50-59
EMP1894,30-39
EMP1895,30-39
EMP1896,40-49
EMP1897,50-59
EMP1898,50-59
EMP1899,50-59
EMP1900,40-49
EMP1901,20-29
EMP1902,30-39
EMP1903,40-49
EMP1904,20-29
EMP1905,40-49
EMP1906,40-49
EMP1907,50-59
EMP1908,60-69
EMP1909,30-39
EMP1910,40-49
EMP1911,40-49
EMP1912,30-39
EMP1913,40-49
EMP1914,50-59
EMP1915,50-59
EMP1916,50-59
EMP1917,40-49
EMP1918,50-59
EMP1919,20-29
EMP1920,50-59
EMP1921,40-49
EMP1922,30-39
EMP1923,30-39
EMP1924,30-39
EMP1925,50-59
EMP1926,30-39
EMP1927,50-59
EMP1928,20-29
EMP1929,30-39
EMP1930,20-29
EMP1931,20-29
EMP1932,50-59
EMP1933,40-49
EMP1934,20-29
EMP1935,20-29
EMP1936,30-39
EMP1937,50-59
EMP1938,40-49
EMP1939,30-39
EMP1940,50-59
EMP1941,30-39
EMP1942,40-49
EMP1943,50-59
EMP1944,30-39
EMP1945,50-59
EMP1946,40-49
EMP1947,50-59
EMP1948,40-49
EMP1949,50-59
EMP1950,20-29
EMP1951,20-29
EMP1952,30-39
EMP1953,30-39
EMP1954,60-69
EMP1955,30-39
EMP1956,20-29
EMP1957,40-49
EMP1958,30-39
EMP1959,50-59
EMP1960,30-39
EMP1961,20-29
EMP1962,20-29
EMP1963,50-59
EMP1964,20-29
EMP1965,50-59
EMP1966,20-29
EMP1967,40-49
EMP1968,50-59
EMP1969,40-49
EMP1970,50-59
EMP1971,40-49
EMP1972,50-59
EMP1973,20-29
EMP1974,50-59
EMP1975,50-59
EMP1976,40-49
EMP1977,50-59
EMP1978,20-29
EMP1979,40-49
EMP1980,50-59
EMP1981,30-39
EMP1982,30-39
EMP1983,30-39
EMP1984,50-59
EMP1985,30-39
EMP1986,50-59
EMP1987,50-59
EMP1988,20-29
EMP1989,30-39
EMP1990,30-39
EMP1991,30-39
EMP1992,30-39
EMP1993,20-29
EMP1994,50-59
EMP1995,40-49
EMP1996,50-59
EMP1997,40-49
EMP1998,30-39
EMP1999,50-59
EMP2000,30-39
EMP2001,50-59
EMP2002,60-69
EMP2003,30-39
EMP2004,30-39
EMP2005,20-29
EMP2006,40-49
EMP2007,30-39
EMP2008,40-49
EMP2009,50-59
EMP2010,40-49
EMP2011,20-29
EMP2012,40-49
EMP2013,40-49
EMP2014,20-29
EMP2015,30-39
EMP2016,30-39
EMP2017,50-59
EMP2018,20-29
EMP2019,30-39
EMP2020,30-39
EMP2021,50-59
EMP2022,50-59
EMP2023,50-59
EMP2024,30-39
EMP2025,40-49
EMP2026,50-59
EMP2027,20-29
EMP2028,30-39
EMP2029,20-29
EMP2030,20-29
EMP2031,40-49
EMP2032,60-69
EMP2033,20-29
EMP2034,40-49
EMP2035,30-39
EMP2036,30-39
EMP2037,20-29
EMP2038,20-29
EMP2039,50-59
EMP2040,40-49
EMP2041,40-49
EMP2042,40-49
EMP2043,30-39
EMP2044,20-29
EMP2045,50-59
EMP2046,20-29
EMP2047,50-59
EMP2048,40-49
EMP2049,20-29
EMP2050,40-49
EMP2051,30-39
EMP2052,40-49
EMP2053,50-59
EMP2054,50-59
EMP2055,40-49
EMP2056,40-49
EMP2057,30-39
EMP2058,40-49
EMP2059,60-69
EMP2060,20-29
EMP2061,50-59
EMP2062,30-39
EMP2063,30-39
EMP2064,50-59
EMP2065,50-59
EMP2066,20-29
EMP2067,30-39
EMP2068,30-39
EMP2069,50-59
EMP2070,40-49
EMP2071,40-49
EMP2072,20-29
EMP2073,40-49
EMP2074,50-59
EMP2075,20-29
EMP2076,20-29
EMP2077,20-29
EMP2078,40-49
EMP2079,20-29
EMP2080,30-39
EMP2081,30-39
EMP2082,30-39
EMP2083,50-59
EMP2084,20-29
EMP2085,40-49
EMP2086,30-39
EMP2087,30-39
EMP2088,30-39
EMP2089,50-59
EMP2090,60-69
EMP2091,50-59
EMP2092,50-59
EMP2093,40-49
EMP2094,30-39
EMP2095,30-39
EMP2096,50-59
EMP2097,50-59
EMP2098,50-59
EMP2099,40-49
EMP2100,50-59
EMP2101,40-49
EMP2102,50-59
EMP2103,20-29
EMP2104,30-39
EMP2105,40-49
EMP2106,20-29
EMP2107,40-49
EMP2108,30-39
EMP2109,30-39
EMP2110,40-49
EMP2111,50-59
EMP2112,40-49
EMP2113,50-59
EMP2114,50-59
EMP2115,50-59
EMP2116,30-39
EMP2117,40-49
EMP2118,50-59
EMP2119,50-59
EMP2120,20-29
EMP2121,40-49
EMP2122,40-49
EMP2123,20-29
EMP2124,20-29
EMP2125,50-59
EMP2126,50-59
EMP2127,20-29
EMP2128,30-39
EMP2129,30-39
EMP2130,30-39
EMP2131,50-59
EMP2132,20-29
EMP2133,20-29
EMP2134,50-59
EMP2135,20-29
EMP2136,20-29
EMP2137,50-59
EMP2138,40-49
EMP2139,40-49
EMP2140,20-29
EMP2141,50-59
EMP2142,20-29
EMP2143,30-39
EMP2144,50-59
EMP2145,50-59
EMP2146,50-59
EMP2147,40-49
EMP2148,20-29
EMP2149,30-39
EMP2150,30-39
EMP2151,20-29
EMP2152,30-39
EMP2153,40-49
EMP2154,20-29
EMP2155,50-59
EMP2156,50-59
EMP2157,40-49
EMP2158,30-39
EMP2159,40-49
EMP2160,30-39
EMP2161,20-29
EMP2162,40-49
EMP2163,50-59
EMP2164,30-39
EMP2165,30-39
EMP2166,50-59
EMP2167,30-39
EMP2168,50-59
EMP2169,30-39
EMP2170,50-59
EMP2171,40-49
EMP2172,30-39
EMP2173,50-59
EMP2174,50-59
EMP2175,30-39
EMP2176,50-59
EMP2177,30-39
EMP2178,20-29
EMP2179,40-49
EMP2180,30-39
EMP2181,40-49
EMP2182,30-39
EMP2183,40-49
EMP2184,40-49
EMP2185,20-29
EMP2186,40-49
EMP2187,20-29
EMP2188,40-49
EMP2189,50-59
EMP2190,50-59
EMP2191,50-59
EMP2192,40-49
EMP2193,20-29
EMP2194,40-49
EMP2195,20-29
EMP2196,30-39
EMP2197,40-49
EMP2198,50-59
EMP2199,40-49
EMP2200,30-39
EMP2201,40-49
EMP2202,20-29
EMP2203,50-59
EMP2204,50-59
EMP2205,50-59
EMP2206,20-29
EMP2207,20-29
EMP2208,20-29
EMP2209,30-39
EMP2210,20-29
EMP2211,30-39
EMP2212,40-49
EMP2213,20-29
EMP2214,30-39
EMP2215,50-59
EMP2216,40-49
EMP2217,30-39
EMP2218,50-59
EMP2219,50-59
EMP2220,30-39
EMP2221,40-49
EMP2222,20-29
EMP2223,30-39
EMP2224,20-29
EMP2225,40-49
EMP2226,50-59
EMP2227,40-49
EMP2228,50-59
EMP2229,40-49
EMP2230,20-29
EMP2231,40-49
EMP2232,40-49
EMP2233,40-49
EMP2234,30-39
EMP2235,40-49
EMP2236,50-59
EMP2237,30-39
EMP2238,40-49
EMP2239,20-29
EMP2240,40-49
EMP2241,20-29
EMP2242,50-59
EMP2243,20-29
EMP2244,40-49
EMP2245,30-39
EMP2246,40-49
EMP2247,50-59
EMP2248,50-59
EMP2249,20-29
EMP2250,20-29
EMP2251,30-39
EMP2252,30-39
EMP2253,40-49
EMP2254,50-59
EMP2255,30-39
EMP2256,50-59
EMP2257,30-39
EMP2258,30-39
EMP2259,50-59
EMP2260,20-29
EMP2261,60-69
EMP2262,20-29
EMP2263,50-59
EMP2264,50-59
EMP2265,50-59
EMP2266,40-49
EMP2267,50-59
EMP2268,20-29
EMP2269,20-29
EMP2270,20-29
EMP2271,20-29
EMP2272,40-49
EMP2273,30-39
EMP2274,30-39
EMP2275,50-59
EMP2276,30-39
EMP2277,40-49
EMP2278,40-49
EMP2279,50-59
EMP2280,30-39
EMP2281,60-69
EMP2282,30-39
EMP2283,30-39
EMP2284,20-29
EMP2285,30-39
EMP2286,50-59
EMP2287,30-39
EMP2288,30-39
EMP2289,50-59
EMP2290,40-49
EMP2291,40-49
EMP2292,30-39
EMP2293,40-49
EMP2294,30-39
EMP2295,30-39
EMP2296,40-49
EMP2297,50-59
EMP2298,20-29
EMP2299,50-59
EMP2300,40-49
EMP2301,40-49
EMP2302,30-39
EMP2303,20-29
EMP2304,40-49
EMP2305,30-39
EMP2306,20-29
EMP2307,20-29
EMP2308,20-29
EMP2309,40-49
EMP2310,40-49
EMP2311,30-39
EMP2312,30-39
EMP2313,20-29
EMP2314,40-49
EMP2315,50-59
EMP2316,30-39
EMP2317,50-59
EMP2318,30-39
EMP2319,30-39
EMP2320,30-39
EMP2321,20-29
EMP2322,40-49
EMP2323,50-59
EMP2324,20-29
EMP2325,40-49
EMP2326,30-39
EMP2327,50-59
EMP2328,20-29
EMP2329,40-49
EMP2330,40-49
EMP2331,40-49
EMP2332,20-29
EMP2333,40-49
EMP2334,50-59
EMP2335,40-49
EMP2336,50-59
EMP2337,40-49
EMP2338,40-49
EMP2339,20-29
EMP2340,30-39
EMP2341,30-39
EMP2342,50-59
EMP2343,20-29
EMP2344,40-49
EMP2345,20-29
EMP2346,30-39
EMP2347,30-39
EMP2348,30-39
EMP2349,20-29
EMP2350,20-29
EMP2351,40-49
EMP2352,50-59
EMP2353,20-29
EMP2354,50-59
EMP2355,30-39
EMP2356,30-39
EMP2357,50-59
EMP2358,50-59
EMP2359,40-49
EMP2360,40-49
EMP2361,20-29
EMP2362,30-39
EMP2363,30-39
EMP2364,50-59
EMP2365,30-39
EMP2366,40-49
EMP2367,20-29
EMP2368,50-59
EMP2369,30-39
EMP2370,40-49
EMP2371,40-49
EMP2372,50-59
EMP2373,30-39
EMP2374,30-39
EMP2375,40-49
EMP2376,20-29
EMP2377,20-29
EMP2378,50-59
EMP2379,20-29
EMP2380,20-29
EMP2381,30-39
EMP2382,30-39
EMP2383,50-59
EMP2384,40-49
EMP2385,50-59
EMP2386,20-29
EMP2387,40-49
EMP2388,50-59
EMP2389,40-49
EMP2390,30-39
EMP2391,50-59
EMP2392,20-29
EMP2393,30-39
EMP2394,30-39
EMP2395,40-49
EMP2396,40-49
EMP2397,20-29
EMP2398,20-29
EMP2399,50-59
EMP2400,30-39
EMP2401,20-29
EMP2402,40-49
EMP2403,20-29
EMP2404,20-29
EMP2405,20-29
EMP2406,50-59
EMP2407,50-59
EMP2408,20-29
EMP2409,20-29
EMP2410,50-59
EMP2411,40-49
EMP2412,40-49
EMP2413,40-49
EMP2414,60-69
EMP2415,30-39
EMP2416,50-59
EMP2417,50-59
EMP2418,40-49
EMP2419,50-59
EMP2420,20-29
EMP2421,40-49
EMP2422,50-59
EMP2423,40-49
EMP2424,30-39
EMP2425,50-59
EMP2426,20-29
EMP2427,20-29
EMP2428,40-49
EMP2429,20-29
EMP2430,20-29
EMP2431,30-39
EMP2432,40-49
EMP2433,20-29
EMP2434,50-59
EMP2435,30-39
EMP2436,50-59
EMP2437,20-29
EMP2438,20-29
EMP2439,50-59
EMP2440,20-29
EMP2441,40-49
EMP2442,50-59
EMP2443,50-59
EMP2444,40-49
EMP2445,20-29
EMP2446,30-39
EMP2447,40-49
EMP2448,50-59
EMP2449,30-39
EMP2450,40-49
EMP2451,30-39
EMP2452,50-59
EMP2453,30-39
EMP2454,50-59
EMP2455,40-49
EMP2456,20-29
EMP2457,40-49
EMP2458,40-49
EMP2459,50-59
EMP2460,50-59
EMP2461,30-39
EMP2462,40-49
EMP2463,30-39
EMP2464,30-39
EMP2465,30-39
EMP2466,50-59
EMP2467,60-69
EMP2468,50-59
EMP2469,50-59
EMP2470,40-49
EMP2471,30-39
EMP2472,40-49
EMP2473,40-49
EMP2474,50-59
EMP2475,40-49
EMP2476,30-39
EMP2477,30-39
EMP2478,40-49
EMP2479,20-29
EMP2480,50-59
EMP2481,40-49
EMP2482,50-59
EMP2483,40-49
EMP2484,20-29
EMP2485,40-49
EMP2486,50-59
EMP2487,30-39
EMP2488,40-49
EMP2489,20-29
EMP2490,40-49
EMP2491,40-49
EMP2492,40-49
EMP2493,50-59
EMP2494,40-49
EMP2495,40-49
EMP2496,30-39
EMP2497,50-59
EMP2498,40-49
EMP2499,50-59
EMP2500,50-59
EMP2501,30-39
EMP2502,50-59
EMP2503,20-29
EMP2504,50-59
EMP2505,30-39
EMP2506,40-49
EMP2507,30-39
EMP2508,50-59
EMP2509,40-49
EMP2510,20-29
EMP2511,50-59
EMP2512,20-29
EMP2513,20-29
EMP2514,20-29
EMP2515,30-39
EMP2516,20-29
EMP2517,20-29
EMP2518,50-59
EMP2519,30-39
EMP2520,40-49
EMP2521,30-39
EMP2522,30-39
EMP2523,30-39
EMP2524,50-59
EMP2525,30-39
EMP2526,20-29
EMP2527,20-29
EMP2528,50-59
EMP2529,30-39
EMP2530,40-49
EMP2531,50-59
EMP2532,30-39
EMP2533,30-39
EMP2534,40-49
EMP2535,40-49
EMP2536,50-59
EMP2537,30-39
EMP2538,50-59
EMP2539,20-29
EMP2540,40-49
EMP2541,20-29
EMP2542,20-29
EMP2543,40-49
EMP2544,50-59
EMP2545,40-49
EMP2546,50-59
EMP2547,60-69
EMP2548,20-29
EMP2549,50-59
EMP2550,40-49
EMP2551,30-39
EMP2552,30-39
EMP2553,20-29
EMP2554,20-29
EMP2555,20-29
EMP2556,30-39
EMP2557,20-29
EMP2558,30-39
EMP2559,20-29
EMP2560,30-39
EMP2561,50-59
EMP2562,40-49
EMP2563,30-39
EMP2564,40-49
EMP2565,40-49
EMP2566,40-49
EMP2567,50-59
EMP2568,30-39
EMP2569,30-39
EMP2570,50-59
EMP2571,40-49
EMP2572,40-49
EMP2573,50-59
EMP2574,50-59
EMP2575,50-59
EMP2576,20-29
EMP2577,50-59
EMP2578,20-29
EMP2579,40-49
EMP2580,40-49
EMP2581,50-59
EMP2582,50-59
EMP2583,50-59
EMP2584,20-29
EMP2585,50-59
EMP2586,40-49
EMP2587,40-49
EMP2588,40-49
EMP2589,40-49
EMP2590,60-69
EMP2591,40-49
EMP2592,30-39
EMP2593,50-59
EMP2594,50-59
EMP2595,40-49
EMP2596,40-49
EMP2597,20-29
EMP2598,40-49
EMP2599,20-29
EMP2600,50-59
EMP2601,50-59
EMP2602,30-39
EMP2603,40-49
EMP2604,40-49
EMP2605,40-49
EMP2606,20-29
EMP2607,20-29
EMP2608,30-39
EMP2609,30-39
EMP2610,20-29
EMP2611,30-39
EMP2612,30-39
EMP2613,40-49
EMP2614,40-49
EMP2615,40-49
EMP2616,50-59
EMP2617,40-49
EMP2618,50-59
EMP2619,40-49
EMP2620,20-29
EMP2621,30-39
EMP2622,20-29
EMP2623,20-29
EMP2624,40-49
EMP2625,50-59
EMP2626,50-59
EMP2627,20-29
EMP2628,50-59
EMP2629,40-49
EMP2630,50-59
EMP2631,50-59
EMP2632,40-49
EMP2633,40-49
EMP2634,50-59
EMP2635,40-49
EMP2636,40-49
EMP2637,20-29
EMP2638,40-49
EMP2639,50-59
EMP2640,20-29
EMP2641,30-39
EMP2642,30-39
EMP2643,50-59
EMP2644,20-29
EMP2645,30-39
EMP2646,30-39
EMP2647,40-49
EMP2648,50-59
EMP2649,40-49
EMP2650,50-59
EMP2651,50-59
EMP2652,50-59
EMP2653,20-29
EMP2654,50-59
EMP2655,20-29
EMP2656,30-39
EMP2657,50-59
EMP2658,30-39
EMP2659,20-29
EMP2660,50-59
EMP2661,50-59
EMP2662,40-49
EMP2663,50-59
EMP2664,30-39
EMP2665,40-49
EMP2666,30-39
EMP2667,50-59
EMP2668,30-39
EMP2669,20-29
EMP2670,40-49
EMP2671,40-49
EMP2672,30-39
EMP2673,50-59
EMP2674,20-29
EMP2675,30-39
EMP2676,50-59
EMP2677,20-29
EMP2678,40-49
EMP2679,30-39
EMP2680,20-29
EMP2681,40-49
EMP2682,20-29
EMP2683,40-49
EMP2684,50-59
EMP2685,50-59
EMP2686,40-49
EMP2687,50-59
EMP2688,40-49
EMP2689,30-39
EMP2690,50-59
EMP2691,40-49
EMP2692,50-59
EMP2693,30-39
EMP2694,50-59
EMP2695,20-29
EMP2696,30-39
EMP2697,30-39
EMP2698,40-49
EMP2699,50-59
EMP2700,50-59
EMP2701,30-39
EMP2702,50-59
EMP2703,50-59
EMP2704,50-59
EMP2705,30-39
EMP2706,50-59
EMP2707,30-39
EMP2708,30-39
EMP2709,20-29
EMP2710,30-39
EMP2711,40-49
EMP2712,20-29
EMP2713,50-59
EMP2714,50-59
EMP2715,30-39
EMP2716,40-49
EMP2717,40-49
EMP2718,40-49
EMP2719,20-29
EMP2720,30-39
EMP2721,40-49
EMP2722,30-39
EMP2723,30-39
EMP2724,40-49
EMP2725,40-49
EMP2726,20-29
EMP2727,20-29
EMP2728,20-29
EMP2729,20-29
EMP2730,20-29
EMP2731,40-49
EMP2732,30-39
EMP2733,30-39
EMP2734,40-49
EMP2735,40-49
EMP2736,50-59
EMP2737,50-59
EMP2738,30-39
EMP2739,30-39
EMP2740,40-49
EMP2741,50-59
EMP2742,40-49
EMP2743,30-39
EMP2744,30-39
EMP2745,50-59
EMP2746,20-29
EMP2747,40-49
EMP2748,40-49
EMP2749,20-29
EMP2750,20-29
EMP2751,40-49
EMP2752,30-39
EMP2753,20-29
EMP2754,30-39
EMP2755,30-39
EMP2756,50-59
EMP2757,20-29
EMP2758,20-29
EMP2759,40-49
EMP2760,40-49
EMP2761,50-59
EMP2762,40-49
EMP2763,30-39
EMP2764,40-49
EMP2765,40-49
EMP2766,30-39
EMP2767,40-49
EMP2768,20-29
EMP2769,50-59
EMP2770,20-29
EMP2771,30-39
EMP2772,20-29
EMP2773,30-39
EMP2774,40-49
EMP2775,30-39
EMP2776,20-29
EMP2777,60-69
EMP2778,20-29
EMP2779,40-49
EMP2780,40-49
EMP2781,20-29
EMP2782,40-49
EMP2783,50-59
EMP2784,30-39
EMP2785,30-39
EMP2786,20-29
EMP2787,40-49
EMP2788,50-59
EMP2789,30-39
EMP2790,50-59
EMP2791,20-29
EMP2792,30-39
EMP2793,40-49
EMP2794,60-69
EMP2795,50-59
EMP2796,20-29
EMP2797,50-59
EMP2798,30-39
EMP2799,40-49
EMP2800,30-39
EMP2801,20-29
EMP2802,30-39
EMP2803,50-59
EMP2804,30-39
EMP2805,50-59
EMP2806,50-59
EMP2807,50-59
EMP2808,50-59
EMP2809,40-49
EMP2810,30-39
EMP2811,20-29
EMP2812,30-39
EMP2813,30-39
EMP2814,20-29
EMP2815,30-39
EMP2816,30-39
EMP2817,30-39
EMP2818,40-49
EMP2819,30-39
EMP2820,30-39
EMP2821,30-39
EMP2822,20-29
EMP2823,30-39
EMP2824,40-49
EMP2825,30-39
EMP2826,30-39
EMP2827,50-59
EMP2828,50-59
EMP2829,40-49
EMP2830,20-29
EMP2831,20-29
EMP2832,40-49
EMP2833,40-49
EMP2834,50-59
EMP2835,50-59
EMP2836,20-29
EMP2837,50-59
EMP2838,40-49
EMP2839,40-49
EMP2840,50-59
EMP2841,30-39
EMP2842,50-59
EMP2843,40-49
EMP2844,40-49
EMP2845,20-29
EMP2846,30-39
EMP2847,30-39
EMP2848,20-29
EMP2849,40-49
EMP2850,50-59
EMP2851,50-59
EMP2852,60-69
EMP2853,50-59
EMP2854,30-39
EMP2855,30-39
EMP2856,50-59
EMP2857,20-29
EMP2858,30-39
EMP2859,30-39
EMP2860,60-69
EMP2861,20-29
EMP2862,20-29
EMP2863,40-49
EMP2864,40-49
EMP2865,20-29
EMP2866,20-29
EMP2867,40-49
EMP2868,50-59
EMP2869,50-59
EMP2870,40-49
EMP2871,20-29
EMP2872,30-39
EMP2873,20-29
EMP2874,30-39
EMP2875,30-39
EMP2876,30-39
EMP2877,40-49
EMP2878,20-29
EMP2879,20-29
EMP2880,40-49
EMP2881,40-49
EMP2882,50-59
EMP2883,50-59
EMP2884,30-39
EMP2885,50-59
EMP2886,30-39
EMP2887,20-29
EMP2888,50-59
EMP2889,50-59
EMP2890,40-49
EMP2891,20-29
EMP2892,20-29
EMP2893,30-39
EMP2894,20-29
EMP2895,30-39
EMP2896,50-59
EMP2897,40-49
EMP2898,40-49
EMP2899,30-39
EMP2900,20-29
EMP2901,30-39
EMP2902,20-29
EMP2903,40-49
EMP2904,30-39
EMP2905,50-59
EMP2906,40-49
EMP2907,50-59
EMP2908,50-59
EMP2909,20-29
EMP2910,50-59
EMP2911,40-49
EMP2912,20-29
EMP2913,30-39
EMP2914,50-59
EMP2915,40-49
EMP2916,50-59
EMP2917,30-39
EMP2918,60-69
EMP2919,50-59
EMP2920,20-29
EMP2921,30-39
EMP2922,50-59
EMP2923,20-29
EMP2924,50-59
EMP2925,20-29
EMP2926,40-49
EMP2927,30-39
EMP2928,30-39
EMP2929,40-49
EMP2930,20-29
EMP2931,40-49
EMP2932,30-39
EMP2933,40-49
EMP2934,30-39
EMP2935,20-29
EMP2936,20-29
EMP2937,30-39
EMP2938,30-39
EMP2939,50-59
EMP2940,20-29
EMP2941,30-39
EMP2942,40-49
EMP2943,20-29
EMP2944,50-59
EMP2945,50-59
EMP2946,20-29
EMP2947,30-39
EMP2948,30-39
EMP2949,30-39
EMP2950,60-69
EMP2951,50-59
EMP2952,30-39
EMP2953,50-59
EMP2954,40-49
EMP2955,30-39
EMP2956,20-29
EMP2957,50-59
EMP2958,40-49
EMP2959,40-49
EMP2960,30-39
EMP2961,30-39
EMP2962,40-49
EMP2963,50-59
EMP2964,20-29
EMP2965,30-39
EMP2966,20-29
EMP2967,40-49
EMP2968,30-39
EMP2969,40-49
EMP2970,30-39
EMP2971,20-29
EMP2972,50-59
EMP2973,40-49
EMP2974,40-49
EMP2975,20-29
EMP2976,50-59
EMP2977,30-39
EMP2978,40-49
EMP2979,20-29
EMP2980,20-29
EMP2981,30-39
EMP2982,40-49
EMP2983,50-59
EMP2984,40-49
EMP2985,50-59
EMP2986,30-39
EMP2987,30-39
EMP2988,30-39
EMP2989,60-69
EMP2990,40-49
EMP2991,50-59
EMP2992,40-49
EMP2993,30-39
EMP2994,50-59
EMP2995,30-39
EMP2996,50-59
EMP2997,40-49
EMP2998,20-29
EMP2999,20-29
EMP3000,30-39
EMP3001,20-29
EMP3002,30-39
EMP3003,40-49
EMP3004,40-49
EMP3005,40-49
EMP3006,40-49
EMP3007,30-39
EMP3008,30-39
EMP3009,30-39
EMP3010,40-49
EMP3011,50-59
EMP3012,20-29
EMP3013,30-39
EMP3014,40-49
EMP3015,20-29
EMP3016,30-39
EMP3017,50-59
EMP3018,50-59
EMP3019,40-49
EMP3020,50-59
EMP3021,20-29
EMP3022,50-59
EMP3023,30-39
EMP3024,30-39
EMP3025,40-49
EMP3026,30-39
EMP3027,50-59
EMP3028,50-59
EMP3029,30-39
EMP3030,50-59
EMP3031,40-49
EMP3032,40-49
EMP3033,40-49
EMP3034,20-29
EMP3035,50-59
EMP3036,30-39
EMP3037,50-59
EMP3038,50-59
EMP3039,40-49
EMP3040,30-39
EMP3041,50-59
EMP3042,50-59
EMP3043,20-29
EMP3044,20-29
EMP3045,20-29
EMP3046,50-59
EMP3047,30-39
EMP3048,50-59
EMP3049,50-59
EMP3050,30-39
EMP3051,30-39
EMP3052,40-49
EMP3053,20-29
EMP3054,40-49
EMP3055,30-39
EMP3056,50-59
EMP3057,50-59
EMP3058,40-49
EMP3059,50-59
EMP3060,30-39
EMP3061,20-29
EMP3062,40-49
EMP3063,20-29
EMP3064,30-39
EMP3065,50-59
EMP3066,30-39
EMP3067,20-29
EMP3068,30-39
EMP3069,20-29
EMP3070,20-29
EMP3071,30-39
EMP3072,40-49
EMP3073,20-29
EMP3074,50-59
EMP3075,40-49
EMP3076,20-29
EMP3077,40-49
EMP3078,40-49
EMP3079,50-59
EMP3080,30-39
EMP3081,40-49
EMP3082,30-39
EMP3083,40-49
EMP3084,40-49
EMP3085,50-59
EMP3086,50-59
EMP3087,20-29
EMP3088,40-49
EMP3089,40-49
EMP3090,40-49
EMP3091,30-39
EMP3092,50-59
EMP3093,20-29
EMP3094,40-49
EMP3095,40-49
EMP3096,30-39
EMP3097,30-39
EMP3098,40-49
EMP3099,20-29
EMP3100,40-49
EMP3101,50-59
EMP3102,50-59
EMP3103,30-39
EMP3104,30-39
EMP3105,50-59
EMP3106,40-49
EMP3107,20-29
EMP3108,20-29
EMP3109,20-29
EMP3110,30-39
EMP3111,20-29
EMP3112,20-29
EMP3113,40-49
EMP3114,20-29
EMP3115,30-39
EMP3116,30-39
EMP3117,30-39
EMP3118,40-49
EMP3119,40-49
EMP3120,40-49
EMP3121,20-29
EMP3122,40-49
EMP3123,20-29
EMP3124,20-29
EMP3125,50-59
EMP3126,30-39
EMP3127,50-59
EMP3128,40-49
EMP3129,40-49
EMP3130,50-59
EMP3131,50-59
EMP3132,30-39
EMP3133,40-49
EMP3134,50-59
EMP3135,30-39
EMP3136,40-49
EMP3137,40-49
EMP3138,50-59
EMP3139,20-29
EMP3140,40-49
EMP3141,50-59
EMP3142,30-39
EMP3143,20-29
EMP3144,30-39
EMP3145,20-29
EMP3146,40-49
EMP3147,30-39
EMP3148,30-39
EMP3149,50-59
EMP3150,30-39
EMP3151,50-59
EMP3152,30-39
EMP3153,20-29
EMP3154,50-59
EMP3155,50-59
EMP3156,20-29
EMP3157,20-29
EMP3158,20-29
EMP3159,30-39
EMP3160,30-39
EMP3161,40-49
EMP3162,20-29
EMP3163,30-39
EMP3164,40-49
EMP3165,20-29
EMP3166,40-49
EMP3167,20-29
EMP3168,50-59
EMP3169,20-29
EMP3170,50-59
EMP3171,50-59
EMP3172,20-29
EMP3173,40-49
EMP3174,30-39
EMP3175,40-49
EMP3176,40-49
EMP3177,20-29
EMP3178,20-29
EMP3179,30-39
EMP3180,20-29
EMP3181,20-29
EMP3182,50-59
EMP3183,20-29
EMP3184,40-49
EMP3185,30-39
EMP3186,30-39
EMP3187,20-29
EMP3188,30-39
EMP3189,20-29
EMP3190,20-29
EMP3191,40-49
EMP3192,60-69
EMP3193,40-49
EMP3194,30-39
EMP3195,50-59
EMP3196,50-59
EMP3197,50-59
EMP3198,50-59
EMP3199,50-59
EMP3200,40-49
EMP3201,40-49
EMP3202,30-39
EMP3203,20-29
EMP3204,20-29
EMP3205,20-29
EMP3206,30-39
EMP3207,40-49
EMP3208,50-59
EMP3209,20-29
EMP3210,30-39
EMP3211,50-59
EMP3212,30-39
EMP3213,60-69
EMP3214,50-59
EMP3215,20-29
EMP3216,30-39
EMP3217,50-59
EMP3218,30-39
EMP3219,30-39
EMP3220,30-39
EMP3221,50-59
EMP3222,20-29
EMP3223,40-49
EMP3224,20-29
EMP3225,50-59
EMP3226,20-29
EMP3227,30-39
EMP3228,40-49
EMP3229,30-39
EMP3230,30-39
EMP3231,30-39
EMP3232,20-29
EMP3233,40-49
EMP3234,50-59
EMP3235,40-49
EMP3236,40-49
EMP3237,50-59
EMP3238,40-49
EMP3239,50-59
EMP3240,30-39
EMP3241,30-39
EMP3242,50-59
EMP3243,30-39
EMP3244,50-59
EMP3245,30-39
EMP3246,50-59
EMP3247,20-29
EMP3248,40-49
EMP3249,30-39
EMP3250,30-39
EMP3251,60-69
EMP3252,30-39
EMP3253,50-59
EMP3254,50-59
EMP3255,30-39
EMP3256,30-39
EMP3257,40-49
EMP3258,40-49
EMP3259,50-59
EMP3260,50-59
EMP3261,50-59
EMP3262,40-49
EMP3263,30-39
EMP3264,40-49
EMP3265,40-49
EMP3266,60-69
EMP3267,40-49
EMP3268,40-49
EMP3269,40-49
EMP3270,60-69
EMP3271,40-49
EMP3272,50-59
EMP3273,20-29
EMP3274,20-29
EMP3275,40-49
EMP3276,30-39
EMP3277,50-59
EMP3278,50-59
EMP3279,20-29
EMP3280,40-49
EMP3281,40-49
EMP3282,40-49
EMP3283,30-39
EMP3284,30-39
EMP3285,50-59
EMP3286,50-59
EMP3287,30-39
EMP3288,50-59
EMP3289,50-59
EMP3290,30-39
EMP3291,30-39
EMP3292,30-39
EMP3293,40-49
EMP3294,30-39
EMP3295,40-49
EMP3296,50-59
EMP3297,30-39
EMP3298,30-39
EMP3299,30-39
EMP3300,50-59
EMP3301,50-59
EMP3302,40-49
EMP3303,20-29
EMP3304,30-39
EMP3305,50-59
EMP3306,50-59
EMP3307,50-59
EMP3308,40-49
EMP3309,20-29
EMP3310,20-29
EMP3311,20-29
EMP3312,30-39
EMP3313,20-29
EMP3314,50-59
EMP3315,30-39
EMP3316,50-59
EMP3317,20-29
EMP3318,50-59
EMP3319,20-29
EMP3320,30-39
EMP3321,30-39
EMP3322,50-59
EMP3323,50-59
EMP3324,60-69
EMP3325,40-49
EMP3326,30-39
EMP3327,50-59
EMP3328,40-49
EMP3329,40-49
EMP3330,20-29
EMP3331,30-39
EMP3332,30-39
EMP3333,30-39
EMP3334,50-59
EMP3335,50-59
EMP3336,30-39
EMP3337,50-59
EMP3338,20-29
EMP3339,50-59
EMP3340,20-29
EMP3341,30-39
EMP3342,50-59
EMP3343,40-49
EMP3344,40-49
EMP3345,50-59
EMP3346,30-39
EMP3347,50-59
EMP3348,40-49
EMP3349,40-49
EMP3350,20-29
EMP3351,20-29
EMP3352,40-49
EMP3353,40-49
EMP3354,50-59
EMP3355,60-69
EMP3356,30-39
EMP3357,50-59
EMP3358,50-59
EMP3359,50-59
EMP3360,40-49
EMP3361,30-39
EMP3362,20-29
EMP3363,30-39
EMP3364,40-49
EMP3365,40-49
EMP3366,30-39
EMP3367,30-39
EMP3368,40-49
EMP3369,30-39
EMP3370,30-39
EMP3371,40-49
EMP3372,20-29
EMP3373,40-49
EMP3374,30-39
EMP3375,30-39
EMP3376,50-59
EMP3377,40-49
EMP3378,40-49
EMP3379,20-29
EMP3380,40-49
EMP3381,50-59
EMP3382,50-59
EMP3383,40-49
EMP3384,40-49
EMP3385,20-29
EMP3386,50-59
EMP3387,40-49
EMP3388,40-49
EMP3389,50-59
EMP3390,40-49
EMP3391,40-49
EMP3392,40-49
EMP3393,50-59
EMP3394,50-59
EMP3395,40-49
EMP3396,30-39
EMP3397,30-39
EMP3398,20-29
EMP3399,40-49
EMP3400,30-39
EMP3401,20-29
EMP3402,40-49
EMP3403,30-39
EMP3404,20-29
EMP3405,20-29
EMP3406,20-29
EMP3407,40-49
EMP3408,40-49
EMP3409,50-59
EMP3410,50-59
EMP3411,40-49
EMP3412,40-49
EMP3413,30-39
EMP3414,30-39
EMP3415,30-39
EMP3416,30-39
EMP3417,60-69
EMP3418,20-29
EMP3419,50-59
EMP3420,30-39
EMP3421,20-29
EMP3422,50-59
EMP3423,30-39
EMP3424,40-49
EMP3425,30-39
EMP3426,50-59
EMP3427,40-49
EMP3428,40-49
EMP3429,20-29
EMP3430,50-59
EMP3431,60-69
EMP3432,20-29
EMP3433,30-39
EMP3434,40-49
EMP3435,20-29
EMP3436,40-49
EMP3437,30-39
EMP3438,20-29
EMP3439,40-49
EMP3440,30-39
EMP3441,20-29
EMP3442,20-29
EMP3443,60-69
EMP3444,20-29
EMP3445,30-39
EMP3446,30-39
EMP3447,40-49
EMP3448,50-59
EMP3449,30-39
EMP3450,30-39
EMP3451,50-59
EMP3452,40-49
EMP3453,40-49
EMP3454,20-29
EMP3455,20-29
EMP3456,40-49
EMP3457,40-49
EMP3458,30-39
EMP3459,50-59
EMP3460,20-29
EMP3461,40-49
EMP3462,20-29
EMP3463,40-49
EMP3464,20-29
EMP3465,40-49
EMP3466,50-59
EMP3467,20-29
EMP3468,40-49
EMP3469,50-59
EMP3470,20-29
EMP3471,30-39
EMP3472,50-59
EMP3473,40-49
EMP3474,60-69
EMP3475,30-39
EMP3476,50-59
EMP3477,30-39
EMP3478,30-39
EMP3479,40-49
EMP3480,30-39
EMP3481,20-29
EMP3482,40-49
EMP3483,20-29
EMP3484,40-49
EMP3485,40-49
EMP3486,30-39
EMP3487,50-59
EMP3488,50-59
EMP3489,40-49
EMP3490,50-59
EMP3491,50-59
EMP3492,50-59
EMP3493,20-29
EMP3494,20-29
EMP3495,30-39
EMP3496,30-39
EMP3497,40-49
EMP3498,40-49
EMP3499,20-29
EMP3500,40-49
EMP3501,40-49
EMP3502,40-49
EMP3503,20-29
EMP3504,50-59
EMP3505,30-39
EMP3506,30-39
EMP3507,40-49
EMP3508,50-59
EMP3509,30-39
EMP3510,30-39
EMP3511,30-39
EMP3512,40-49
EMP3513,40-49
EMP3514,30-39
EMP3515,50-59
EMP3516,30-39
EMP3517,40-49
EMP3518,40-49
EMP3519,40-49
EMP3520,50-59
EMP3521,50-59
EMP3522,40-49
EMP3523,40-49
EMP3524,30-39
EMP3525,40-49
EMP3526,40-49
EMP3527,50-59
EMP3528,20-29
EMP3529,40-49
EMP3530,40-49
EMP3531,50-59
EMP3532,40-49
EMP3533,40-49
EMP3534,50-59
EMP3535,40-49
EMP3536,40-49
EMP3537,20-29
EMP3538,40-49
EMP3539,50-59
EMP3540,40-49
EMP3541,30-39
EMP3542,50-59
EMP3543,20-29
EMP3544,40-49
EMP3545,40-49
EMP3546,40-49
EMP3547,40-49
EMP3548,50-59
EMP3549,40-49
EMP3550,30-39
EMP3551,50-59
EMP3552,30-39
EMP3553,40-49
EMP3554,50-59
EMP3555,50-59
EMP3556,50-59
EMP3557,50-59
EMP3558,40-49
EMP3559,20-29
EMP3560,40-49
EMP3561,30-39
EMP3562,50-59
EMP3563,40-49
EMP3564,30-39
EMP3565,40-49
EMP3566,30-39
EMP3567,20-29
EMP3568,30-39
EMP3569,30-39
EMP3570,50-59
EMP3571,40-49
EMP3572,50-59
EMP3573,20-29
EMP3574,20-29
EMP3575,40-49
EMP3576,50-59
EMP3577,40-49
EMP3578,20-29
EMP3579,40-49
EMP3580,50-59
EMP3581,20-29
EMP3582,20-29
EMP3583,30-39
EMP3584,50-59
EMP3585,50-59
EMP3586,50-59
EMP3587,20-29
EMP3588,40-49
EMP3589,40-49
EMP3590,20-29
EMP3591,50-59
EMP3592,20-29
EMP3593,40-49
EMP3594,20-29
EMP3595,50-59
EMP3596,50-59
EMP3597,60-69
EMP3598,30-39
EMP3599,50-59
EMP3600,30-39
EMP3601,20-29
EMP3602,20-29
EMP3603,50-59
EMP3604,40-49
EMP3605,50-59
EMP3606,30-39
EMP3607,20-29
EMP3608,40-49
EMP3609,30-39
EMP3610,40-49
EMP3611,40-49
EMP3612,30-39
EMP3613,30-39
EMP3614,30-39
EMP3615,20-29
EMP3616,50-59
EMP3617,30-39
EMP3618,40-49
EMP3619,60-69
EMP3620,50-59
EMP3621,30-39
EMP3622,30-39
EMP3623,30-39
EMP3624,30-39
EMP3625,30-39
EMP3626,20-29
EMP3627,30-39
EMP3628,20-29
EMP3629,50-59
EMP3630,40-49
EMP3631,30-39
EMP3632,20-29
EMP3633,30-39
EMP3634,50-59
EMP3635,20-29
EMP3636,40-49
EMP3637,40-49
EMP3638,50-59
EMP3639,40-49
EMP3640,40-49
EMP3641,40-49
EMP3642,30-39
EMP3643,40-49
EMP3644,50-59
EMP3645,20-29
EMP3646,30-39
EMP3647,40-49
EMP3648,50-59
EMP3649,60-69
EMP3650,50-59
EMP3651,20-29
EMP3652,20-29
EMP3653,30-39
EMP3654,50-59
EMP3655,50-59
EMP3656,20-29
EMP3657,30-39
EMP3658,30-39
EMP3659,20-29
EMP3660,50-59
EMP3661,40-49
EMP3662,30-39
EMP3663,30-39
EMP3664,20-29
EMP3665,30-39
EMP3666,50-59
EMP3667,30-39
EMP3668,40-49
EMP3669,20-29
EMP3670,40-49
EMP3671,30-39
EMP3672,40-49
EMP3673,50-59
EMP3674,60-69
EMP3675,40-49
EMP3676,50-59
EMP3677,20-29
EMP3678,50-59
EMP3679,50-59
EMP3680,40-49
EMP3681,30-39
EMP3682,50-59
EMP3683,50-59
EMP3684,30-39
EMP3685,60-69
EMP3686,30-39
EMP3687,50-59
EMP3688,20-29
EMP3689,40-49
EMP3690,50-59
EMP3691,40-49
EMP3692,20-29
EMP3693,30-39
EMP3694,40-49
EMP3695,50-59
EMP3696,50-59
EMP3697,40-49
EMP3698,40-49
EMP3699,50-59
EMP3700,50-59
EMP3701,20-29
EMP3702,40-49
EMP3703,50-59
EMP3704,20-29
EMP3705,50-59
EMP3706,50-59
EMP3707,30-39
EMP3708,40-49
EMP3709,40-49
EMP3710,30-39
EMP3711,40-49
EMP3712,40-49
EMP3713,20-29
EMP3714,40-49
EMP3715,30-39
EMP3716,30-39
EMP3717,50-59
EMP3718,60-69
EMP3719,20-29
EMP3720,30-39
EMP3721,30-39
EMP3722,40-49
EMP3723,50-59
EMP3724,30-39
EMP3725,30-39
EMP3726,20-29
EMP3727,40-49
EMP3728,40-49
EMP3729,40-49
EMP3730,20-29
EMP3731,20-29
EMP3732,20-29
EMP3733,50-59
EMP3734,20-29
EMP3735,30-39
EMP3736,50-59
EMP3737,50-59
EMP3738,20-29
EMP3739,40-49
EMP3740,40-49
EMP3741,50-59
EMP3742,20-29
EMP3743,40-49
EMP3744,20-29
EMP3745,40-49
EMP3746,40-49
EMP3747,60-69
EMP3748,60-69
EMP3749,60-69
EMP3750,50-59
EMP3751,50-59
EMP3752,40-49
EMP3753,50-59
EMP3754,40-49
EMP3755,20-29
EMP3756,40-49
EMP3757,50-59
EMP3758,30-39
EMP3759,50-59
EMP3760,40-49
EMP3761,20-29
EMP3762,30-39
EMP3763,40-49
EMP3764,30-39
EMP3765,50-59
EMP3766,40-49
EMP3767,20-29
EMP3768,40-49
EMP3769,50-59
EMP3770,40-49
EMP3771,30-39
EMP3772,50-59
EMP3773,40-49
EMP3774,20-29
EMP3775,40-49
EMP3776,40-49
EMP3777,20-29
EMP3778,50-59
EMP3779,20-29
EMP3780,50-59
EMP3781,30-39
EMP3782,60-69
EMP3783,30-39
EMP3784,20-29
EMP3785,50-59
EMP3786,40-49
EMP3787,30-39
EMP3788,20-29
EMP3789,20-29
EMP3790,50-59
EMP3791,30-39
EMP3792,30-39
EMP3793,20-29
EMP3794,40-49
EMP3795,50-59
EMP3796,40-49
EMP3797,40-49
EMP3798,40-49
EMP3799,40-49
EMP3800,40-49
EMP3801,50-59
EMP3802,30-39
EMP3803,30-39
EMP3804,20-29
EMP3805,40-49
EMP3806,50-59
EMP3807,30-39
EMP3808,20-29
EMP3809,30-39
EMP3810,50-59
EMP3811,30-39
EMP3812,40-49
EMP3813,60-69
EMP3814,50-59
EMP3815,30-39
EMP3816,50-59
EMP3817,40-49
EMP3818,50-59
EMP3819,40-49
EMP3820,50-59
EMP3821,20-29
EMP3822,30-39
EMP3823,20-29
EMP3824,40-49
EMP3825,20-29
EMP3826,30-39
EMP3827,30-39
EMP3828,30-39
EMP3829,40-49
EMP3830,20-29
EMP3831,20-29
EMP3832,50-59
EMP3833,40-49
EMP3834,50-59
EMP3835,60-69
EMP3836,40-49
EMP3837,50-59
EMP3838,40-49
EMP3839,40-49
EMP3840,20-29
EMP3841,30-39
EMP3842,50-59
EMP3843,50-59
EMP3844,40-49
EMP3845,20-29
EMP3846,50-59
EMP3847,40-49
EMP3848,20-29
EMP3849,40-49
EMP3850,40-49
EMP3851,30-39
EMP3852,40-49
EMP3853,40-49
EMP3854,50-59
EMP3855,40-49
EMP3856,30-39
EMP3857,30-39
EMP3858,50-59
EMP3859,40-49
EMP3860,40-49
EMP3861,30-39
EMP3862,20-29
EMP3863,30-39
EMP3864,50-59
EMP3865,50-59
EMP3866,50-59
EMP3867,50-59
EMP3868,30-39
EMP3869,20-29
EMP3870,40-49
EMP3871,40-49
EMP3872,20-29
EMP3873,40-49
EMP3874,50-59
EMP3875,20-29
EMP3876,20-29
EMP3877,40-49
EMP3878,40-49
EMP3879,50-59
EMP3880,30-39
EMP3881,20-29
EMP3882,20-29
EMP3883,50-59
EMP3884,30-39
EMP3885,20-29
EMP3886,20-29
EMP3887,40-49
EMP3888,40-49
EMP3889,20-29
EMP3890,30-39
EMP3891,50-59
EMP3892,40-49
EMP3893,50-59
EMP3894,50-59
EMP3895,50-59
EMP3896,20-29
EMP3897,20-29
EMP3898,50-59
EMP3899,50-59
EMP3900,50-59
EMP3901,50-59
EMP3902,40-49
EMP3903,20-29
EMP3904,50-59
EMP3905,40-49
EMP3906,30-39
EMP3907,50-59
EMP3908,30-39
EMP3909,50-59
EMP3910,50-59
EMP3911,50-59
EMP3912,30-39
EMP3913,50-59
EMP3914,50-59
EMP3915,20-29
EMP3916,50-59
EMP3917,30-39
EMP3918,30-39
EMP3919,50-59
EMP3920,50-59
EMP3921,40-49
EMP3922,30-39
EMP3923,40-49
EMP3924,30-39
EMP3925,20-29
EMP3926,40-49
EMP3927,40-49
EMP3928,20-29
EMP3929,30-39
EMP3930,20-29
EMP3931,20-29
EMP3932,20-29
EMP3933,50-59
EMP3934,20-29
EMP3935,30-39
EMP3936,40-49
EMP3937,30-39
EMP3938,50-59
EMP3939,30-39
EMP3940,20-29
EMP3941,40-49
EMP3942,50-59
EMP3943,40-49
EMP3944,40-49
EMP3945,50-59
EMP3946,40-49
EMP3947,30-39
EMP3948,50-59
EMP3949,50-59
EMP3950,50-59
EMP3951,40-49
EMP3952,20-29
EMP3953,40-49
EMP3954,50-59
EMP3955,40-49
EMP3956,50-59
EMP3957,30-39
EMP3958,50-59
EMP3959,20-29
EMP3960,40-49
EMP3961,30-39
EMP3962,30-39
EMP3963,60-69
EMP3964,20-29
EMP3965,50-59
EMP3966,40-49
EMP3967,50-59
EMP3968,30-39
EMP3969,50-59
EMP3970,50-59
EMP3971,20-29
EMP3972,50-59
EMP3973,20-29
EMP3974,30-39
EMP3975,60-69
EMP3976,20-29
EMP3977,40-49
EMP3978,20-29
EMP3979,40-49
EMP3980,50-59
EMP3981,40-49
EMP3982,30-39
EMP3983,40-49
EMP3984,40-49
EMP3985,40-49
EMP3986,40-49
EMP3987,30-39
EMP3988,20-29
EMP3989,50-59
EMP3990,30-39
EMP3991,40-49
EMP3992,30-39
EMP3993,40-49
EMP3994,30-39
EMP3995,20-29
EMP3996,50-59
EMP3997,50-59
EMP3998,40-49
EMP3999,20-29
EMP4000,20-29
EMP4001,30-39
EMP4002,30-39
EMP4003,20-29
EMP4004,40-49
EMP4005,30-39
EMP4006,40-49
EMP4007,40-49
EMP4008,40-49
EMP4009,30-39
EMP4010,20-29
EMP4011,20-29
EMP4012,40-49
EMP4013,30-39
EMP4014,30-39
EMP4015,50-59
EMP4016,50-59
EMP4017,20-29
EMP4018,50-59
EMP4019,20-29
EMP4020,20-29
EMP4021,40-49
EMP4022,50-59
EMP4023,50-59
EMP4024,30-39
EMP4025,50-59
EMP4026,50-59
EMP4027,40-49
EMP4028,50-59
EMP4029,20-29
EMP4030,50-59
EMP4031,30-39
EMP4032,40-49
EMP4033,30-39
EMP4034,20-29
EMP4035,40-49
EMP4036,40-49
EMP4037,50-59
EMP4038,20-29
EMP4039,30-39
EMP4040,30-39
EMP4041,50-59
EMP4042,30-39
EMP4043,30-39
EMP4044,20-29
EMP4045,40-49
EMP4046,50-59
EMP4047,30-39
EMP4048,50-59
EMP4049,30-39
EMP4050,30-39
EMP4051,30-39
EMP4052,40-49
EMP4053,50-59
EMP4054,40-49
EMP4055,20-29
EMP4056,20-29
EMP4057,50-59
EMP4058,40-49
EMP4059,40-49
EMP4060,40-49
EMP4061,30-39
EMP4062,50-59
EMP4063,20-29
EMP4064,30-39
EMP4065,30-39
EMP4066,50-59
EMP4067,20-29
EMP4068,40-49
EMP4069,50-59
EMP4070,40-49
EMP4071,40-49
EMP4072,30-39
EMP4073,20-29
EMP4074,30-39
EMP4075,50-59
EMP4076,50-59
EMP4077,40-49
EMP4078,50-59
EMP4079,30-39
EMP4080,50-59
EMP4081,40-49
EMP4082,40-49
EMP4083,20-29
EMP4084,50-59
EMP4085,20-29
EMP4086,50-59
EMP4087,30-39
EMP4088,30-39
EMP4089,40-49
EMP4090,50-59
EMP4091,50-59
EMP4092,50-59
EMP4093,20-29
EMP4094,40-49
EMP4095,30-39
EMP4096,30-39
EMP4097,20-29
EMP4098,20-29
EMP4099,50-59
EMP4100,30-39
EMP4101,50-59
EMP4102,40-49
EMP4103,50-59
EMP4104,50-59
EMP4105,30-39
EMP4106,50-59
EMP4107,30-39
EMP4108,20-29
EMP4109,30-39
EMP4110,40-49
EMP4111,50-59
EMP4112,50-59
EMP4113,20-29
EMP4114,50-59
EMP4115,40-49
EMP4116,40-49
EMP4117,20-29
EMP4118,40-49
EMP4119,40-49
EMP4120,40-49
EMP4121,30-39
EMP4122,20-29
EMP4123,40-49
EMP4124,20-29
EMP4125,20-29
EMP4126,30-39
EMP4127,30-39
EMP4128,30-39
EMP4129,50-59
EMP4130,40-49
EMP4131,40-49
EMP4132,50-59
EMP4133,50-59
EMP4134,50-59
EMP4135,20-29
EMP4136,50-59
EMP4137,40-49
EMP4138,40-49
EMP4139,30-39
EMP4140,40-49
EMP4141,40-49
EMP4142,30-39
EMP4143,50-59
EMP4144,30-39
EMP4145,40-49
EMP4146,40-49
EMP4147,40-49
EMP4148,20-29
EMP4149,30-39
EMP4150,20-29
EMP4151,30-39
EMP4152,40-49
EMP4153,50-59
EMP4154,20-29
EMP4155,30-39
EMP4156,30-39
EMP4157,50-59
EMP4158,20-29
EMP4159,20-29
EMP4160,30-39
EMP4161,30-39
EMP4162,40-49
EMP4163,40-49
EMP4164,50-59
EMP4165,30-39
EMP4166,40-49
EMP4167,50-59
EMP4168,30-39
EMP4169,40-49
EMP4170,30-39
EMP4171,50-59
EMP4172,50-59
EMP4173,50-59
EMP4174,40-49
EMP4175,40-49
EMP4176,50-59
EMP4177,40-49
EMP4178,20-29
EMP4179,40-49
EMP4180,40-49
EMP4181,50-59
EMP4182,20-29
EMP4183,30-39
EMP4184,40-49
EMP4185,50-59
EMP4186,30-39
EMP4187,30-39
EMP4188,30-39
EMP4189,20-29
EMP4190,20-29
EMP4191,40-49
EMP4192,50-59
EMP4193,50-59
EMP4194,30-39
EMP4195,40-49
EMP4196,50-59
EMP4197,40-49
EMP4198,50-59
EMP4199,30-39
EMP4200,50-59
EMP4201,40-49
EMP4202,50-59
EMP4203,50-59
EMP4204,20-29
EMP4205,20-29
EMP4206,40-49
EMP4207,30-39
EMP4208,20-29
EMP4209,40-49
EMP4210,40-49
EMP4211,30-39
EMP4212,30-39
EMP4213,40-49
EMP4214,40-49
EMP4215,50-59
EMP4216,60-69
EMP4217,50-59
EMP4218,30-39
EMP4219,30-39
EMP4220,40-49
EMP4221,50-59
EMP4222,40-49
EMP4223,50-59
EMP4224,40-49
EMP4225,20-29
EMP4226,30-39
EMP4227,20-29
EMP4228,40-49
EMP4229,30-39
EMP4230,50-59
EMP4231,50-59
EMP4232,50-59
EMP4233,40-49
EMP4234,20-29
EMP4235,30-39
EMP4236,50-59
EMP4237,30-39
EMP4238,60-69
EMP4239,40-49
EMP4240,40-49
EMP4241,30-39
EMP4242,50-59
EMP4243,20-29
EMP4244,30-39
EMP4245,20-29
EMP4246,20-29
EMP4247,40-49
EMP4248,20-29
EMP4249,30-39
EMP4250,40-49
EMP4251,30-39
EMP4252,50-59
EMP4253,40-49
EMP4254,50-59
EMP4255,50-59
EMP4256,20-29
EMP4257,50-59
EMP4258,20-29
EMP4259,20-29
EMP4260,20-29
EMP4261,50-59
EMP4262,30-39
EMP4263,30-39
EMP4264,40-49
EMP4265,20-29
EMP4266,40-49
EMP4267,20-29
EMP4268,50-59
EMP4269,40-49
EMP4270,50-59
EMP4271,30-39
EMP4272,50-59
EMP4273,20-29
EMP4274,50-59
EMP4275,20-29
EMP4276,20-29
EMP4277,30-39
EMP4278,50-59
EMP4279,30-39
EMP4280,40-49
EMP4281,40-49
EMP4282,20-29
EMP4283,20-29
EMP4284,30-39
EMP4285,60-69
EMP4286,20-29
EMP4287,20-29
EMP4288,30-39
EMP4289,50-59
EMP4290,30-39
EMP4291,50-59
EMP4292,50-59
EMP4293,30-39
EMP4294,20-29
EMP4295,20-29
EMP4296,40-49
EMP4297,20-29
EMP4298,30-39
EMP4299,30-39
EMP4300,20-29
EMP4301,30-39
EMP4302,20-29
EMP4303,40-49
EMP4304,30-39
EMP4305,20-29
EMP4306,40-49
EMP4307,50-59
EMP4308,50-59
EMP4309,50-59
EMP4310,40-49
EMP4311,30-39
EMP4312,40-49
EMP4313,20-29
EMP4314,20-29
EMP4315,40-49
EMP4316,30-39
EMP4317,20-29
EMP4318,30-39
EMP4319,50-59
EMP4320,50-59
EMP4321,50-59
EMP4322,40-49
EMP4323,50-59
EMP4324,40-49
EMP4325,20-29
EMP4326,30-39
EMP4327,40-49
EMP4328,20-29
EMP4329,50-59
EMP4330,30-39
EMP4331,50-59
EMP4332,50-59
EMP4333,30-39
EMP4334,20-29
EMP4335,50-59
EMP4336,40-49
EMP4337,40-49
EMP4338,50-59
EMP4339,50-59
EMP4340,40-49
EMP4341,50-59
EMP4342,40-49
EMP4343,50-59
EMP4344,30-39
EMP4345,30-39
EMP4346,50-59
EMP4347,30-39
EMP4348,40-49
EMP4349,40-49
EMP4350,60-69
EMP4351,30-39
EMP4352,50-59
EMP4353,30-39
EMP4354,50-59
EMP4355,40-49
EMP4356,20-29
EMP4357,50-59
EMP4358,50-59
EMP4359,30-39
EMP4360,30-39
EMP4361,20-29
EMP4362,40-49
EMP4363,50-59
EMP4364,30-39
EMP4365,20-29
EMP4366,20-29
EMP4367,30-39
EMP4368,50-59
EMP4369,50-59
EMP4370,30-39
EMP4371,50-59
EMP4372,50-59
EMP4373,20-29
EMP4374,20-29
EMP4375,20-29
EMP4376,30-39
EMP4377,30-39
EMP4378,50-59
EMP4379,40-49
EMP4380,40-49
EMP4381,40-49
EMP4382,20-29
EMP4383,20-29
EMP4384,30-39
EMP4385,50-59
EMP4386,30-39
EMP4387,30-39
EMP4388,50-59
EMP4389,20-29
EMP4390,20-29
EMP4391,40-49
EMP4392,30-39
EMP4393,20-29
EMP4394,40-49
EMP4395,50-59
EMP4396,20-29
EMP4397,30-39
EMP4398,20-29
EMP4399,20-29
EMP4400,20-29
EMP4401,30-39
EMP4402,40-49
EMP4403,40-49
EMP4404,50-59
EMP4405,40-49
EMP4406,20-29
EMP4407,20-29
EMP4408,50-59
EMP4409,40-49
EMP4410,30-39
EMP4411,20-29
EMP4412,30-39
EMP4413,60-69
EMP4414,40-49
EMP4415,40-49
EMP4416,40-49
EMP4417,40-49
EMP4418,30-39
EMP4419,30-39
EMP4420,50-59
EMP4421,50-59
EMP4422,40-49
EMP4423,20-29
EMP4424,20-29
EMP4425,30-39
EMP4426,40-49
EMP4427,20-29
EMP4428,50-59
EMP4429,20-29
EMP4430,20-29
EMP4431,40-49
EMP4432,50-59
EMP4433,30-39
EMP4434,40-49
EMP4435,30-39
EMP4436,50-59
EMP4437,30-39
EMP4438,50-59
EMP4439,40-49
EMP4440,30-39
EMP4441,50-59
EMP4442,20-29
EMP4443,30-39
EMP4444,20-29
EMP4445,50-59
EMP4446,50-59
EMP4447,50-59
EMP4448,30-39
EMP4449,40-49
EMP4450,40-49
EMP4451,30-39
EMP4452,30-39
EMP4453,30-39
EMP4454,20-29
EMP4455,30-39
EMP4456,50-59
EMP4457,40-49
EMP4458,40-49
EMP4459,50-59
EMP4460,30-39
EMP4461,30-39
EMP4462,20-29
EMP4463,40-49
EMP4464,50-59
EMP4465,50-59
EMP4466,50-59
EMP4467,50-59
EMP4468,30-39
EMP4469,20-29
EMP4470,60-69
EMP4471,40-49
EMP4472,50-59
EMP4473,50-59
EMP4474,20-29
EMP4475,50-59
EMP4476,20-29
EMP4477,40-49
EMP4478,40-49
EMP4479,30-39
EMP4480,20-29
EMP4481,30-39
EMP4482,60-69
EMP4483,20-29
EMP4484,30-39
EMP4485,50-59
EMP4486,50-59
EMP4487,30-39
EMP4488,30-39
EMP4489,20-29
EMP4490,40-49
EMP4491,20-29
EMP4492,40-49
EMP4493,50-59
EMP4494,50-59
EMP4495,30-39
EMP4496,30-39
EMP4497,50-59
EMP4498,40-49
EMP4499,20-29
EMP4500,20-29
EMP4501,50-59
EMP4502,30-39
EMP4503,60-69
EMP4504,50-59
EMP4505,30-39
EMP4506,40-49
EMP4507,40-49
EMP4508,40-49
EMP4509,20-29
EMP4510,40-49
EMP4511,50-59
EMP4512,20-29
EMP4513,50-59
EMP4514,40-49
EMP4515,20-29
EMP4516,60-69
EMP4517,50-59
EMP4518,20-29
EMP4519,20-29
EMP4520,50-59
EMP4521,20-29
EMP4522,30-39
EMP4523,50-59
EMP4524,20-29
EMP4525,40-49
EMP4526,50-59
EMP4527,50-59
EMP4528,20-29
EMP4529,40-49
EMP4530,40-49
EMP4531,30-39
EMP4532,40-49
EMP4533,50-59
EMP4534,50-59
EMP4535,50-59
EMP4536,20-29
EMP4537,30-39
EMP4538,40-49
EMP4539,30-39
EMP4540,30-39
EMP4541,50-59
EMP4542,30-39
EMP4543,50-59
EMP4544,50-59
EMP4545,30-39
EMP4546,50-59
EMP4547,60-69
EMP4548,40-49
EMP4549,30-39
EMP4550,40-49
EMP4551,30-39
EMP4552,50-59
EMP4553,40-49
EMP4554,50-59
EMP4555,40-49
EMP4556,50-59
EMP4557,20-29
EMP4558,20-29
EMP4559,40-49
EMP4560,40-49
EMP4561,50-59
EMP4562,30-39
EMP4563,30-39
EMP4564,20-29
EMP4565,40-49
EMP4566,30-39
EMP4567,40-49
EMP4568,30-39
EMP4569,20-29
EMP4570,40-49
EMP4571,50-59
EMP4572,40-49
EMP4573,50-59
EMP4574,50-59
EMP4575,30-39
EMP4576,50-59
EMP4577,20-29
EMP4578,30-39
EMP4579,40-49
EMP4580,30-39
EMP4581,40-49
EMP4582,50-59
EMP4583,20-29
EMP4584,30-39
EMP4585,40-49
EMP4586,40-49
EMP4587,20-29
EMP4588,30-39
EMP4589,30-39
EMP4590,20-29
EMP4591,30-39
EMP4592,50-59
EMP4593,20-29
EMP4594,20-29
EMP4595,30-39
EMP4596,30-39
EMP4597,20-29
EMP4598,50-59
EMP4599,30-39
EMP4600,40-49
EMP4601,30-39
EMP4602,20-29
EMP4603,30-39
EMP4604,40-49
EMP4605,50-59
EMP4606,40-49
EMP4607,40-49
EMP4608,50-59
EMP4609,40-49
EMP4610,40-49
EMP4611,20-29
EMP4612,50-59
EMP4613,20-29
EMP4614,50-59
EMP4615,20-29
EMP4616,50-59
EMP4617,40-49
EMP4618,50-59
EMP4619,50-59
EMP4620,30-39
EMP4621,20-29
EMP4622,20-29
EMP4623,40-49
EMP4624,50-59
EMP4625,50-59
EMP4626,20-29
EMP4627,60-69
EMP4628,30-39
EMP4629,30-39
EMP4630,20-29
EMP4631,40-49
EMP4632,20-29
EMP4633,50-59
EMP4634,40-49
EMP4635,50-59
EMP4636,40-49
EMP4637,40-49
EMP4638,20-29
EMP4639,30-39
EMP4640,50-59
EMP4641,40-49
EMP4642,20-29
EMP4643,20-29
EMP4644,20-29
EMP4645,50-59
EMP4646,50-59
EMP4647,30-39
EMP4648,20-29
EMP4649,40-49
EMP4650,20-29
EMP4651,20-29
EMP4652,50-59
EMP4653,40-49
EMP4654,20-29
EMP4655,40-49
EMP4656,30-39
EMP4657,50-59
EMP4658,20-29
EMP4659,40-49
EMP4660,30-39
EMP4661,40-49
EMP4662,30-39
EMP4663,30-39
EMP4664,50-59
EMP4665,40-49
EMP4666,40-49
EMP4667,50-59
EMP4668,50-59
EMP4669,20-29
EMP4670,40-49
EMP4671,40-49
EMP4672,50-59
EMP4673,30-39
EMP4674,40-49
EMP4675,20-29
EMP4676,50-59
EMP4677,20-29
EMP4678,30-39
EMP4679,50-59
EMP4680,40-49
EMP4681,50-59
EMP4682,20-29
EMP4683,30-39
EMP4684,20-29
EMP4685,50-59
EMP4686,50-59
EMP4687,40-49
EMP4688,20-29
EMP4689,30-39
EMP4690,40-49
EMP4691,50-59
EMP4692,30-39
EMP4693,50-59
EMP4694,30-39
EMP4695,30-39
EMP4696,30-39
EMP4697,30-39
EMP4698,40-49
EMP4699,50-59
EMP4700,50-59
EMP4701,40-49
EMP4702,20-29
EMP4703,50-59
EMP4704,30-39
EMP4705,50-59
EMP4706,20-29
EMP4707,30-39
EMP4708,50-59
EMP4709,30-39
EMP4710,50-59
EMP4711,40-49
EMP4712,50-59
EMP4713,20-29
EMP4714,40-49
EMP4715,20-29
EMP4716,50-59
EMP4717,50-59
EMP4718,30-39
EMP4719,40-49
EMP4720,20-29
EMP4721,20-29
EMP4722,20-29
EMP4723,50-59
EMP4724,60-69
EMP4725,60-69
EMP4726,50-59
EMP4727,30-39
EMP4728,40-49
EMP4729,20-29
EMP4730,30-39
EMP4731,40-49
EMP4732,30-39
EMP4733,50-59
EMP4734,30-39
EMP4735,20-29
EMP4736,40-49
EMP4737,30-39
EMP4738,30-39
EMP4739,50-59
EMP4740,30-39
EMP4741,50-59
EMP4742,40-49
EMP4743,60-69
EMP4744,60-69
EMP4745,40-49
EMP4746,30-39
EMP4747,50-59
EMP4748,50-59
EMP4749,60-69
EMP4750,20-29
EMP4751,30-39
EMP4752,40-49
EMP4753,30-39
EMP4754,50-59
EMP4755,50-59
EMP4756,20-29
EMP4757,30-39
EMP4758,20-29
EMP4759,40-49
EMP4760,20-29
EMP4761,50-59
EMP4762,50-59
EMP4763,50-59
EMP4764,40-49
EMP4765,20-29
EMP4766,20-29
EMP4767,40-49
EMP4768,20-29
EMP4769,50-59
EMP4770,40-49
EMP4771,30-39
EMP4772,20-29
EMP4773,20-29
EMP4774,20-29
EMP4775,20-29
EMP4776,60-69
EMP4777,20-29
EMP4778,40-49
EMP4779,50-59
EMP4780,50-59
EMP4781,30-39
EMP4782,50-59
EMP4783,30-39
EMP4784,50-59
EMP4785,30-39
EMP4786,40-49
EMP4787,20-29
EMP4788,50-59
EMP4789,20-29
EMP4790,30-39
EMP4791,40-49
EMP4792,30-39
EMP4793,30-39
EMP4794,50-59
EMP4795,30-39
EMP4796,50-59
EMP4797,30-39
EMP4798,50-59
EMP4799,30-39
EMP4800,50-59
EMP4801,30-39
EMP4802,20-29
EMP4803,50-59
EMP4804,20-29
EMP4805,40-49
EMP4806,30-39
EMP4807,20-29
EMP4808,30-39
EMP4809,50-59
EMP4810,30-39
EMP4811,40-49
EMP4812,50-59
EMP4813,40-49
EMP4814,40-49
EMP4815,40-49
EMP4816,50-59
EMP4817,20-29
EMP4818,30-39
EMP4819,50-59
EMP4820,50-59
EMP4821,20-29
EMP4822,50-59
EMP4823,30-39
EMP4824,60-69
EMP4825,40-49
EMP4826,20-29
EMP4827,40-49
EMP4828,50-59
EMP4829,20-29
EMP4830,50-59
EMP4831,30-39
EMP4832,50-59
EMP4833,30-39
EMP4834,60-69
EMP4835,40-49
EMP4836,50-59
EMP4837,40-49
EMP4838,40-49
EMP4839,30-39
EMP4840,40-49
EMP4841,40-49
EMP4842,30-39
EMP4843,20-29
EMP4844,40-49
EMP4845,50-59
EMP4846,30-39
EMP4847,30-39
EMP4848,50-59
EMP4849,50-59
EMP4850,30-39
EMP4851,30-39
EMP4852,20-29
EMP4853,40-49
EMP4854,40-49
EMP4855,20-29
EMP4856,50-59
EMP4857,30-39
EMP4858,30-39
EMP4859,20-29
EMP4860,20-29
EMP4861,30-39
EMP4862,20-29
EMP4863,40-49
EMP4864,50-59
EMP4865,20-29
EMP4866,50-59
EMP4867,30-39
EMP4868,30-39
EMP4869,30-39
EMP4870,40-49
EMP4871,40-49
EMP4872,30-39
EMP4873,50-59
EMP4874,40-49
EMP4875,30-39
EMP4876,20-29
EMP4877,50-59
EMP4878,20-29
EMP4879,30-39
EMP4880,30-39
EMP4881,40-49
EMP4882,30-39
EMP4883,20-29
EMP4884,20-29
EMP4885,20-29
EMP4886,20-29
EMP4887,40-49
EMP4888,40-49
EMP4889,30-39
EMP4890,50-59
EMP4891,50-59
EMP4892,30-39
EMP4893,40-49
EMP4894,30-39
EMP4895,30-39
EMP4896,50-59
EMP4897,50-59
EMP4898,50-59
EMP4899,50-59
EMP4900,50-59
EMP4901,30-39
EMP4902,40-49
EMP4903,20-29
EMP4904,50-59
EMP4905,20-29
EMP4906,30-39
EMP4907,50-59
EMP4908,20-29
EMP4909,50-59
EMP4910,30-39
EMP4911,20-29
EMP4912,30-39
EMP4913,40-49
EMP4914,50-59
EMP4915,20-29
EMP4916,50-59
EMP4917,60-69
EMP4918,20-29
EMP4919,20-29
EMP4920,20-29
EMP4921,50-59
EMP4922,20-29
EMP4923,30-39
EMP4924,40-49
EMP4925,20-29
EMP4926,40-49
EMP4927,30-39
EMP4928,30-39
EMP4929,30-39
EMP4930,30-39
EMP4931,50-59
EMP4932,60-69
EMP4933,30-39
EMP4934,30-39
EMP4935,30-39
EMP4936,50-59
EMP4937,40-49
EMP4938,20-29
EMP4939,20-29
EMP4940,50-59
EMP4941,20-29
EMP4942,40-49
EMP4943,20-29
EMP4944,50-59
EMP4945,30-39
EMP4946,50-59
EMP4947,20-29
EMP4948,30-39
EMP4949,40-49
EMP4950,40-49
EMP4951,50-59
EMP4952,20-29
EMP4953,30-39
EMP4954,40-49
EMP4955,20-29
EMP4956,60-69
EMP4957,20-29
EMP4958,40-49
EMP4959,20-29
EMP4960,30-39
EMP4961,40-49
EMP4962,50-59
EMP4963,50-59
EMP4964,40-49
EMP4965,20-29
EMP4966,30-39
EMP4967,20-29
EMP4968,40-49
EMP4969,30-39
EMP4970,30-39
EMP4971,40-49
EMP4972,50-59
EMP4973,50-59
EMP4974,40-49
EMP4975,40-49
EMP4976,40-49
EMP4977,50-59
EMP4978,40-49
EMP4979,50-59
EMP4980,20-29
EMP4981,50-59
EMP4982,50-59
EMP4983,30-39
EMP4984,30-39
EMP4985,50-59
EMP4986,30-39
EMP4987,30-39
EMP4988,30-39
EMP4989,50-59
EMP4990,50-59
EMP4991,50-59
EMP4992,60-69
EMP4993,50-59
EMP4994,30-39
EMP4995,40-49
EMP4996,30-39
EMP4997,30-39
EMP4998,40-49
EMP4999,20-29
EMP5000,20-29
