,Employee_ID,ageGroup
0,EMP0001,30-39
1,EMP0002,40-49
2,EMP0003,50-59
3,EMP0004,20-29
4,EMP0005,40-49
5,EMP0006,50-59
6,EMP0007,30-39
7,EMP0008,40-49
8,EMP0009,50-59
9,EMP0010,30-39
10,EMP0011,30-39
11,EMP0012,40-49
12,EMP0013,40-49
13,EMP0014,50-59
14,EMP0015,30-39
15,EMP0016,50-59
16,EMP0017,30-39
17,EMP0018,40-49
18,EMP0019,40-49
19,EMP0020,50-59
20,EMP0021,20-29
21,EMP0022,20-29
22,EMP0023,40-49
23,EMP0024,50-59
24,EMP0025,50-59
25,EMP0026,40-49
26,EMP0027,30-39
27,EMP0028,50-59
28,EMP0029,40-49
29,EMP0030,50-59
30,EMP0031,20-29
31,EMP0032,30-39
32,EMP0033,40-49
33,EMP0034,40-49
34,EMP0035,30-39
35,EMP0036,40-49
36,EMP0037,40-49
37,EMP0038,30-39
38,EMP0039,20-29
39,EMP0040,40-49
40,EMP0041,30-39
41,EMP0042,50-59
42,EMP0043,50-59
43,EMP0044,50-59
44,EMP0045,50-59
45,EMP0046,30-39
46,EMP0047,30-39
47,EMP0048,30-39
48,EMP0049,20-29
49,EMP0050,30-39
50,EMP0051,20-29
51,EMP0052,40-49
52,EMP0053,40-49
53,EMP0054,60-69
54,EMP0055,20-29
55,EMP0056,30-39
56,EMP0057,40-49
57,EMP0058,50-59
58,EMP0059,20-29
59,EMP0060,20-29
60,EMP0061,20-29
61,EMP0062,30-39
62,EMP0063,20-29
63,EMP0064,20-29
64,EMP0065,60-69
65,EMP0066,50-59
66,EMP0067,40-49
67,EMP0068,60-69
68,EMP0069,30-39
69,EMP0070,20-29
70,EMP0071,40-49
71,EMP0072,50-59
72,EMP0073,20-29
73,EMP0074,20-29
74,EMP0075,30-39
75,EMP0076,40-49
76,EMP0077,30-39
77,EMP0078,20-29
78,EMP0079,20-29
79,EMP0080,20-29
80,EMP0081,50-59
81,EMP0082,40-49
82,EMP0083,50-59
83,EMP0084,20-29
84,EMP0085,50-59
85,EMP0086,50-59
86,EMP0087,50-59
87,EMP0088,20-29
88,EMP0089,20-29
89,EMP0090,50-59
90,EMP0091,50-59
91,EMP0092,20-29
92,EMP0093,40-49
93,EMP0094,40-49
94,EMP0095,60-69
95,EMP0096,40-49
96,EMP0097,30-39
97,EMP0098,40-49
98,EMP0099,30-39
99,EMP0100,50-59
100,EMP0101,30-39
101,EMP0102,30-39
102,EMP0103,40-49
103,EMP0104,50-59
104,EMP0105,40-49
105,EMP0106,40-49
106,EMP0107,20-29
107,EMP0108,40-49
108,EMP0109,50-59
109,EMP0110,30-39
110,EMP0111,30-39
111,EMP0112,40-49
112,EMP0113,40-49
113,EMP0114,40-49
114,EMP0115,50-59
115,EMP0116,20-29
116,EMP0117,30-39
117,EMP0118,50-59
118,EMP0119,30-39
119,EMP0120,40-49
120,EMP0121,40-49
121,EMP0122,40-49
122,EMP0123,50-59
123,EMP0124,50-59
124,EMP0125,40-49
125,EMP0126,50-59
126,EMP0127,30-39
127,EMP0128,50-59
128,EMP0129,20-29
129,EMP0130,20-29
130,EMP0131,30-39
131,EMP0132,30-39
132,EMP0133,50-59
133,EMP0134,20-29
134,EMP0135,60-69
135,EMP0136,50-59
136,EMP0137,40-49
137,EMP0138,40-49
138,EMP0139,50-59
139,EMP0140,40-49
140,EMP0141,30-39
141,EMP0142,40-49
142,EMP0143,20-29
143,EMP0144,50-59
144,EMP0145,40-49
145,EMP0146,40-49
146,EMP0147,30-39
147,EMP0148,40-49
148,EMP0149,40-49
149,EMP0150,50-59
150,EMP0151,40-49
151,EMP0152,50-59
152,EMP0153,30-39
153,EMP0154,20-29
154,EMP0155,30-39
155,EMP0156,40-49
156,EMP0157,30-39
157,EMP0158,30-39
158,EMP0159,40-49
159,EMP0160,40-49
160,EMP0161,30-39
161,EMP0162,40-49
162,EMP0163,20-29
163,EMP0164,20-29
164,EMP0165,40-49
165,EMP0166,20-29
166,EMP0167,40-49
167,EMP0168,60-69
168,EMP0169,30-39
169,EMP0170,50-59
170,EMP0171,30-39
171,EMP0172,30-39
172,EMP0173,30-39
173,EMP0174,20-29
174,EMP0175,30-39
175,EMP0176,30-39
176,EMP0177,50-59
177,EMP0178,40-49
178,EMP0179,50-59
179,EMP0180,40-49
180,EMP0181,30-39
181,EMP0182,40-49
182,EMP0183,20-29
183,EMP0184,50-59
184,EMP0185,20-29
185,EMP0186,40-49
186,EMP0187,50-59
187,EMP0188,20-29
188,EMP0189,40-49
189,EMP0190,40-49
190,EMP0191,40-49
191,EMP0192,30-39
192,EMP0193,50-59
193,EMP0194,50-59
194,EMP0195,50-59
195,EMP0196,30-39
196,EMP0197,50-59
197,EMP0198,50-59
198,EMP0199,20-29
199,EMP0200,30-39
200,EMP0201,40-49
201,EMP0202,50-59
202,EMP0203,50-59
203,EMP0204,50-59
204,EMP0205,50-59
205,EMP0206,50-59
206,EMP0207,50-59
207,EMP0208,30-39
208,EMP0209,30-39
209,EMP0210,40-49
210,EMP0211,40-49
211,EMP0212,60-69
212,EMP0213,40-49
213,EMP0214,20-29
214,EMP0215,40-49
215,EMP0216,20-29
216,EMP0217,30-39
217,EMP0218,30-39
218,EMP0219,50-59
219,EMP0220,40-49
220,EMP0221,40-49
221,EMP0222,30-39
222,EMP0223,30-39
223,EMP0224,20-29
224,EMP0225,50-59
225,EMP0226,40-49
226,EMP0227,40-49
227,EMP0228,20-29
228,EMP0229,30-39
229,EMP0230,40-49
230,EMP0231,50-59
231,EMP0232,30-39
232,EMP0233,20-29
233,EMP0234,30-39
234,EMP0235,20-29
235,EMP0236,30-39
236,EMP0237,20-29
237,EMP0238,50-59
238,EMP0239,50-59
239,EMP0240,50-59
240,EMP0241,30-39
241,EMP0242,20-29
242,EMP0243,30-39
243,EMP0244,30-39
244,EMP0245,50-59
245,EMP0246,50-59
246,EMP0247,30-39
247,EMP0248,30-39
248,EMP0249,30-39
249,EMP0250,20-29
250,EMP0251,30-39
251,EMP0252,30-39
252,EMP0253,40-49
253,EMP0254,40-49
254,EMP0255,40-49
255,EMP0256,20-29
256,EMP0257,50-59
257,EMP0258,40-49
258,EMP0259,30-39
259,EMP0260,50-59
260,EMP0261,50-59
261,EMP0262,50-59
262,EMP0263,30-39
263,EMP0264,50-59
264,EMP0265,50-59
265,EMP0266,50-59
266,EMP0267,40-49
267,EMP0268,40-49
268,EMP0269,50-59
269,EMP0270,30-39
270,EMP0271,40-49
271,EMP0272,40-49
272,EMP0273,60-69
273,EMP0274,50-59
274,EMP0275,60-69
275,EMP0276,20-29
276,EMP0277,30-39
277,EMP0278,50-59
278,EMP0279,30-39
279,EMP0280,30-39
280,EMP0281,40-49
281,EMP0282,50-59
282,EMP0283,40-49
283,EMP0284,20-29
284,EMP0285,20-29
285,EMP0286,40-49
286,EMP0287,30-39
287,EMP0288,40-49
288,EMP0289,20-29
289,EMP0290,30-39
290,EMP0291,40-49
291,EMP0292,40-49
292,EMP0293,30-39
293,EMP0294,40-49
294,EMP0295,20-29
295,EMP0296,30-39
296,EMP0297,40-49
297,EMP0298,20-29
298,EMP0299,40-49
299,EMP0300,40-49
300,EMP0301,20-29
301,EMP0302,40-49
302,EMP0303,60-69
303,EMP0304,40-49
304,EMP0305,40-49
305,EMP0306,20-29
306,EMP0307,30-39
307,EMP0308,20-29
308,EMP0309,20-29
309,EMP0310,40-49
310,EMP0311,40-49
311,EMP0312,40-49
312,EMP0313,30-39
313,EMP0314,40-49
314,EMP0315,50-59
315,EMP0316,40-49
316,EMP0317,40-49
317,EMP0318,60-69
318,EMP0319,50-59
319,EMP0320,40-49
320,EMP0321,40-49
321,EMP0322,20-29
322,EMP0323,30-39
323,EMP0324,40-49
324,EMP0325,30-39
325,EMP0326,50-59
326,EMP0327,50-59
327,EMP0328,50-59
328,EMP0329,30-39
329,EMP0330,40-49
330,EMP0331,20-29
331,EMP0332,30-39
332,EMP0333,30-39
333,EMP0334,50-59
334,EMP0335,20-29
335,EMP0336,50-59
336,EMP0337,60-69
337,EMP0338,30-39
338,EMP0339,30-39
339,EMP0340,40-49
340,EMP0341,50-59
341,EMP0342,40-49
342,EMP0343,40-49
343,EMP0344,40-49
344,EMP0345,50-59
345,EMP0346,50-59
346,EMP0347,20-29
347,EMP0348,20-29
348,EMP0349,40-49
349,EMP0350,60-69
350,EMP0351,20-29
351,EMP0352,50-59
352,EMP0353,30-39
353,EMP0354,40-49
354,EMP0355,50-59
355,EMP0356,40-49
356,EMP0357,30-39
357,EMP0358,20-29
358,EMP0359,40-49
359,EMP0360,50-59
360,EMP0361,50-59
361,EMP0362,50-59
362,EMP0363,30-39
363,EMP0364,40-49
364,EMP0365,50-59
365,EMP0366,30-39
366,EMP0367,40-49
367,EMP0368,50-59
368,EMP0369,30-39
369,EMP0370,50-59
370,EMP0371,40-49
371,EMP0372,50-59
372,EMP0373,30-39
373,EMP0374,30-39
374,EMP0375,30-39
375,EMP0376,20-29
376,EMP0377,30-39
377,EMP0378,30-39
378,EMP0379,50-59
379,EMP0380,20-29
380,EMP0381,30-39
381,EMP0382,50-59
382,EMP0383,50-59
383,EMP0384,20-29
384,EMP0385,50-59
385,EMP0386,30-39
386,EMP0387,20-29
387,EMP0388,40-49
388,EMP0389,30-39
389,EMP0390,30-39
390,EMP0391,50-59
391,EMP0392,50-59
392,EMP0393,40-49
393,EMP0394,50-59
394,EMP0395,40-49
395,EMP0396,30-39
396,EMP0397,30-39
397,EMP0398,30-39
398,EMP0399,50-59
399,EMP0400,50-59
400,EMP0401,50-59
401,EMP0402,50-59
402,EMP0403,50-59
403,EMP0404,50-59
404,EMP0405,40-49
405,EMP0406,40-49
406,EMP0407,20-29
407,EMP0408,50-59
408,EMP0409,20-29
409,EMP0410,30-39
410,EMP0411,20-29
411,EMP0412,20-29
412,EMP0413,50-59
413,EMP0414,40-49
414,EMP0415,30-39
415,EMP0416,50-59
416,EMP0417,20-29
417,EMP0418,50-59
418,EMP0419,60-69
419,EMP0420,40-49
420,EMP0421,20-29
421,EMP0422,20-29
422,EMP0423,20-29
423,EMP0424,20-29
424,EMP0425,50-59
425,EMP0426,30-39
426,EMP0427,20-29
427,EMP0428,40-49
428,EMP0429,30-39
429,EMP0430,30-39
430,EMP0431,30-39
431,EMP0432,20-29
432,EMP0433,50-59
433,EMP0434,40-49
434,EMP0435,50-59
435,EMP0436,50-59
436,EMP0437,50-59
437,EMP0438,40-49
438,EMP0439,40-49
439,EMP0440,20-29
440,EMP0441,20-29
441,EMP0442,50-59
442,EMP0443,50-59
443,EMP0444,20-29
444,EMP0445,20-29
445,EMP0446,50-59
446,EMP0447,30-39
447,EMP0448,20-29
448,EMP0449,50-59
449,EMP0450,50-59
450,EMP0451,50-59
451,EMP0452,30-39
452,EMP0453,40-49
453,EMP0454,30-39
454,EMP0455,50-59
455,EMP0456,60-69
456,EMP0457,30-39
457,EMP0458,30-39
458,EMP0459,50-59
459,EMP0460,50-59
460,EMP0461,40-49
461,EMP0462,30-39
462,EMP0463,50-59
463,EMP0464,40-49
464,EMP0465,50-59
465,EMP0466,30-39
466,EMP0467,40-49
467,EMP0468,30-39
468,EMP0469,30-39
469,EMP0470,50-59
470,EMP0471,30-39
471,EMP0472,50-59
472,EMP0473,50-59
473,EMP0474,30-39
474,EMP0475,40-49
475,EMP0476,50-59
476,EMP0477,30-39
477,EMP0478,50-59
478,EMP0479,50-59
479,EMP0480,40-49
480,EMP0481,20-29
481,EMP0482,30-39
482,EMP0483,20-29
483,EMP0484,20-29
484,EMP0485,20-29
485,EMP0486,50-59
486,EMP0487,40-49
487,EMP0488,40-49
488,EMP0489,30-39
489,EMP0490,40-49
490,EMP0491,50-59
491,EMP0492,40-49
492,EMP0493,20-29
493,EMP0494,40-49
494,EMP0495,30-39
495,EMP0496,40-49
496,EMP0497,40-49
497,EMP0498,20-29
498,EMP0499,50-59
499,EMP0500,50-59
500,EMP0501,50-59
501,EMP0502,50-59
502,EMP0503,30-39
503,EMP0504,30-39
504,EMP0505,50-59
505,EMP0506,40-49
506,EMP0507,20-29
507,EMP0508,40-49
508,EMP0509,30-39
509,EMP0510,40-49
510,EMP0511,30-39
511,EMP0512,30-39
512,EMP0513,40-49
513,EMP0514,40-49
514,EMP0515,30-39
515,EMP0516,40-49
516,EMP0517,50-59
517,EMP0518,60-69
518,EMP0519,40-49
519,EMP0520,40-49
520,EMP0521,30-39
521,EMP0522,60-69
522,EMP0523,30-39
523,EMP0524,60-69
524,EMP0525,50-59
525,EMP0526,20-29
526,EMP0527,30-39
527,EMP0528,20-29
528,EMP0529,20-29
529,EMP0530,20-29
530,EMP0531,30-39
531,EMP0532,50-59
532,EMP0533,50-59
533,EMP0534,40-49
534,EMP0535,20-29
535,EMP0536,30-39
536,EMP0537,50-59
537,EMP0538,40-49
538,EMP0539,30-39
539,EMP0540,50-59
540,EMP0541,50-59
541,EMP0542,40-49
542,EMP0543,50-59
543,EMP0544,60-69
544,EMP0545,60-69
545,EMP0546,20-29
546,EMP0547,20-29
547,EMP0548,40-49
548,EMP0549,40-49
549,EMP0550,20-29
550,EMP0551,20-29
551,EMP0552,30-39
552,EMP0553,20-29
553,EMP0554,30-39
554,EMP0555,50-59
555,EMP0556,40-49
556,EMP0557,40-49
557,EMP0558,20-29
558,EMP0559,50-59
559,EMP0560,30-39
560,EMP0561,30-39
561,EMP0562,40-49
562,EMP0563,20-29
563,EMP0564,50-59
564,EMP0565,30-39
565,EMP0566,30-39
566,EMP0567,20-29
567,EMP0568,50-59
568,EMP0569,20-29
569,EMP0570,40-49
570,EMP0571,40-49
571,EMP0572,40-49
572,EMP0573,50-59
573,EMP0574,50-59
574,EMP0575,40-49
575,EMP0576,20-29
576,EMP0577,40-49
577,EMP0578,50-59
578,EMP0579,40-49
579,EMP0580,40-49
580,EMP0581,20-29
581,EMP0582,30-39
582,EMP0583,50-59
583,EMP0584,60-69
584,EMP0585,30-39
585,EMP0586,40-49
586,EMP0587,50-59
587,EMP0588,50-59
588,EMP0589,40-49
589,EMP0590,50-59
590,EMP0591,30-39
591,EMP0592,30-39
592,EMP0593,30-39
593,EMP0594,30-39
594,EMP0595,50-59
595,EMP0596,40-49
596,EMP0597,30-39
597,EMP0598,50-59
598,EMP0599,20-29
599,EMP0600,40-49
600,EMP0601,30-39
601,EMP0602,20-29
602,EMP0603,50-59
603,EMP0604,40-49
604,EMP0605,40-49
605,EMP0606,30-39
606,EMP0607,20-29
607,EMP0608,30-39
608,EMP0609,60-69
609,EMP0610,30-39
610,EMP0611,40-49
611,EMP0612,20-29
612,EMP0613,20-29
613,EMP0614,50-59
614,EMP0615,30-39
615,EMP0616,50-59
616,EMP0617,30-39
617,EMP0618,50-59
618,EMP0619,50-59
619,EMP0620,20-29
620,EMP0621,20-29
621,EMP0622,30-39
622,EMP0623,20-29
623,EMP0624,30-39
624,EMP0625,40-49
625,EMP0626,20-29
626,EMP0627,20-29
627,EMP0628,30-39
628,EMP0629,50-59
629,EMP0630,50-59
630,EMP0631,20-29
631,EMP0632,50-59
632,EMP0633,40-49
633,EMP0634,30-39
634,EMP0635,40-49
635,EMP0636,40-49
636,EMP0637,20-29
637,EMP0638,40-49
638,EMP0639,50-59
639,EMP0640,50-59
640,EMP0641,30-39
641,EMP0642,50-59
642,EMP0643,30-39
643,EMP0644,30-39
644,EMP0645,30-39
645,EMP0646,50-59
646,EMP0647,30-39
647,EMP0648,30-39
648,EMP0649,40-49
649,EMP0650,50-59
650,EMP0651,20-29
651,EMP0652,20-29
652,EMP0653,20-29
653,EMP0654,40-49
654,EMP0655,50-59
655,EMP0656,20-29
656,EMP0657,20-29
657,EMP0658,30-39
658,EMP0659,50-59
659,EMP0660,40-49
660,EMP0661,40-49
661,EMP0662,30-39
662,EMP0663,40-49
663,EMP0664,40-49
664,EMP0665,40-49
665,EMP0666,30-39
666,EMP0667,20-29
667,EMP0668,40-49
668,EMP0669,50-59
669,EMP0670,50-59
670,EMP0671,40-49
671,EMP0672,20-29
672,EMP0673,60-69
673,EMP0674,50-59
674,EMP0675,30-39
675,EMP0676,30-39
676,EMP0677,40-49
677,EMP0678,40-49
678,EMP0679,20-29
679,EMP0680,40-49
680,EMP0681,30-39
681,EMP0682,50-59
682,EMP0683,30-39
683,EMP0684,40-49
684,EMP0685,50-59
685,EMP0686,50-59
686,EMP0687,30-39
687,EMP0688,50-59
688,EMP0689,50-59
689,EMP0690,40-49
690,EMP0691,30-39
691,EMP0692,40-49
692,EMP0693,40-49
693,EMP0694,50-59
694,EMP0695,40-49
695,EMP0696,50-59
696,EMP0697,20-29
697,EMP0698,40-49
698,EMP0699,50-59
699,EMP0700,40-49
700,EMP0701,40-49
701,EMP0702,20-29
702,EMP0703,50-59
703,EMP0704,30-39
704,EMP0705,20-29
705,EMP0706,40-49
706,EMP0707,50-59
707,EMP0708,50-59
708,EMP0709,40-49
709,EMP0710,30-39
710,EMP0711,30-39
711,EMP0712,50-59
712,EMP0713,40-49
713,EMP0714,20-29
714,EMP0715,20-29
715,EMP0716,40-49
716,EMP0717,50-59
717,EMP0718,30-39
718,EMP0719,50-59
719,EMP0720,40-49
720,EMP0721,20-29
721,EMP0722,40-49
722,EMP0723,40-49
723,EMP0724,50-59
724,EMP0725,60-69
725,EMP0726,40-49
726,EMP0727,40-49
727,EMP0728,50-59
728,EMP0729,60-69
729,EMP0730,50-59
730,EMP0731,40-49
731,EMP0732,40-49
732,EMP0733,40-49
733,EMP0734,40-49
734,EMP0735,40-49
735,EMP0736,20-29
736,EMP0737,30-39
737,EMP0738,50-59
738,EMP0739,20-29
739,EMP0740,40-49
740,EMP0741,60-69
741,EMP0742,40-49
742,EMP0743,50-59
743,EMP0744,50-59
744,EMP0745,40-49
745,EMP0746,20-29
746,EMP0747,50-59
747,EMP0748,20-29
748,EMP0749,40-49
749,EMP0750,20-29
750,EMP0751,50-59
751,EMP0752,30-39
752,EMP0753,40-49
753,EMP0754,50-59
754,EMP0755,50-59
755,EMP0756,40-49
756,EMP0757,40-49
757,EMP0758,30-39
758,EMP0759,50-59
759,EMP0760,30-39
760,EMP0761,20-29
761,EMP0762,30-39
762,EMP0763,50-59
763,EMP0764,20-29
764,EMP0765,30-39
765,EMP0766,30-39
766,EMP0767,40-49
767,EMP0768,40-49
768,EMP0769,30-39
769,EMP0770,40-49
770,EMP0771,30-39
771,EMP0772,30-39
772,EMP0773,40-49
773,EMP0774,50-59
774,EMP0775,40-49
775,EMP0776,40-49
776,EMP0777,30-39
777,EMP0778,50-59
778,EMP0779,20-29
779,EMP0780,30-39
780,EMP0781,60-69
781,EMP0782,40-49
782,EMP0783,20-29
783,EMP0784,30-39
784,EMP0785,20-29
785,EMP0786,40-49
786,EMP0787,20-29
787,EMP0788,20-29
788,EMP0789,20-29
789,EMP0790,20-29
790,EMP0791,40-49
791,EMP0792,40-49
792,EMP0793,60-69
793,EMP0794,50-59
794,EMP0795,20-29
795,EMP0796,40-49
796,EMP0797,30-39
797,EMP0798,50-59
798,EMP0799,40-49
799,EMP0800,30-39
800,EMP0801,40-49
801,EMP0802,20-29
802,EMP0803,20-29
803,EMP0804,30-39
804,EMP0805,40-49
805,EMP0806,40-49
806,EMP0807,40-49
807,EMP0808,50-59
808,EMP0809,30-39
809,EMP0810,40-49
810,EMP0811,40-49
811,EMP0812,30-39
812,EMP0813,20-29
813,EMP0814,40-49
814,EMP0815,50-59
815,EMP0816,30-39
816,EMP0817,30-39
817,EMP0818,20-29
818,EMP0819,30-39
819,EMP0820,50-59
820,EMP0821,50-59
821,EMP0822,50-59
822,EMP0823,50-59
823,EMP0824,40-49
824,EMP0825,40-49
825,EMP0826,20-29
826,EMP0827,40-49
827,EMP0828,30-39
828,EMP0829,50-59
829,EMP0830,40-49
830,EMP0831,40-49
831,EMP0832,30-39
832,EMP0833,20-29
833,EMP0834,40-49
834,EMP0835,40-49
835,EMP0836,50-59
836,EMP0837,40-49
837,EMP0838,50-59
838,EMP0839,50-59
839,EMP0840,30-39
840,EMP0841,50-59
841,EMP0842,50-59
842,EMP0843,40-49
843,EMP0844,60-69
844,EMP0845,20-29
845,EMP0846,30-39
846,EMP0847,50-59
847,EMP0848,30-39
848,EMP0849,40-49
849,EMP0850,40-49
850,EMP0851,50-59
851,EMP0852,20-29
852,EMP0853,50-59
853,EMP0854,20-29
854,EMP0855,40-49
855,EMP0856,40-49
856,EMP0857,30-39
857,EMP0858,20-29
858,EMP0859,40-49
859,EMP0860,40-49
860,EMP0861,30-39
861,EMP0862,30-39
862,EMP0863,30-39
863,EMP0864,20-29
864,EMP0865,50-59
865,EMP0866,50-59
866,EMP0867,30-39
867,EMP0868,20-29
868,EMP0869,50-59
869,EMP0870,30-39
870,EMP0871,30-39
871,EMP0872,60-69
872,EMP0873,50-59
873,EMP0874,50-59
874,EMP0875,40-49
875,EMP0876,30-39
876,EMP0877,30-39
877,EMP0878,30-39
878,EMP0879,40-49
879,EMP0880,40-49
880,EMP0881,50-59
881,EMP0882,20-29
882,EMP0883,30-39
883,EMP0884,40-49
884,EMP0885,50-59
885,EMP0886,50-59
886,EMP0887,50-59
887,EMP0888,30-39
888,EMP0889,40-49
889,EMP0890,30-39
890,EMP0891,50-59
891,EMP0892,30-39
892,EMP0893,20-29
893,EMP0894,60-69
894,EMP0895,30-39
895,EMP0896,40-49
896,EMP0897,50-59
897,EMP0898,50-59
898,EMP0899,50-59
899,EMP0900,30-39
900,EMP0901,30-39
901,EMP0902,60-69
902,EMP0903,30-39
903,EMP0904,50-59
904,EMP0905,60-69
905,EMP0906,40-49
906,EMP0907,40-49
907,EMP0908,60-69
908,EMP0909,40-49
909,EMP0910,50-59
910,EMP0911,20-29
911,EMP0912,40-49
912,EMP0913,40-49
913,EMP0914,40-49
914,EMP0915,30-39
915,EMP0916,40-49
916,EMP0917,40-49
917,EMP0918,40-49
918,EMP0919,40-49
919,EMP0920,20-29
920,EMP0921,30-39
921,EMP0922,40-49
922,EMP0923,40-49
923,EMP0924,20-29
924,EMP0925,50-59
925,EMP0926,20-29
926,EMP0927,30-39
927,EMP0928,50-59
928,EMP0929,20-29
929,EMP0930,20-29
930,EMP0931,40-49
931,EMP0932,50-59
932,EMP0933,30-39
933,EMP0934,20-29
934,EMP0935,30-39
935,EMP0936,40-49
936,EMP0937,20-29
937,EMP0938,40-49
938,EMP0939,50-59
939,EMP0940,60-69
940,EMP0941,40-49
941,EMP0942,30-39
942,EMP0943,50-59
943,EMP0944,30-39
944,EMP0945,30-39
945,EMP0946,30-39
946,EMP0947,20-29
947,EMP0948,40-49
948,EMP0949,40-49
949,EMP0950,40-49
950,EMP0951,50-59
951,EMP0952,40-49
952,EMP0953,30-39
953,EMP0954,50-59
954,EMP0955,40-49
955,EMP0956,40-49
956,EMP0957,30-39
957,EMP0958,30-39
958,EMP0959,40-49
959,EMP0960,40-49
960,EMP0961,50-59
961,EMP0962,50-59
962,EMP0963,20-29
963,EMP0964,30-39
964,EMP0965,30-39
965,EMP0966,40-49
966,EMP0967,40-49
967,EMP0968,20-29
968,EMP0969,20-29
969,EMP0970,20-29
970,EMP0971,30-39
971,EMP0972,50-59
972,EMP0973,30-39
973,EMP0974,30-39
974,EMP0975,40-49
975,EMP0976,40-49
976,EMP0977,40-49
977,EMP0978,50-59
978,EMP0979,20-29
979,EMP0980,20-29
980,EMP0981,20-29
981,EMP0982,30-39
982,EMP0983,20-29
983,EMP0984,30-39
984,EMP0985,20-29
985,EMP0986,50-59
986,EMP0987,20-29
987,EMP0988,50-59
988,EMP0989,60-69
989,EMP0990,40-49
990,EMP0991,30-39
991,EMP0992,30-39
992,EMP0993,40-49
993,EMP0994,40-49
994,EMP0995,30-39
995,EMP0996,30-39
996,EMP0997,20-29
997,EMP0998,40-49
998,EMP0999,40-49
999,EMP1000,50-59
1000,EMP1001,50-59
1001,EMP1002,50-59
1002,EMP1003,40-49
1003,EMP1004,40-49
1004,EMP1005,40-49
1005,EMP1006,30-39
1006,EMP1007,50-59
1007,EMP1008,50-59
1008,EMP1009,30-39
1009,EMP1010,30-39
1010,EMP1011,20-29
1011,EMP1012,30-39
1012,EMP1013,40-49
1013,EMP1014,20-29
1014,EMP1015,20-29
1015,EMP1016,50-59
1016,EMP1017,50-59
1017,EMP1018,40-49
1018,EMP1019,30-39
1019,EMP1020,20-29
1020,EMP1021,30-39
1021,EMP1022,30-39
1022,EMP1023,50-59
1023,EMP1024,30-39
1024,EMP1025,20-29
1025,EMP1026,30-39
1026,EMP1027,50-59
1027,EMP1028,50-59
1028,EMP1029,40-49
1029,EMP1030,20-29
1030,EMP1031,20-29
1031,EMP1032,40-49
1032,EMP1033,20-29
1033,EMP1034,60-69
1034,EMP1035,50-59
1035,EMP1036,20-29
1036,EMP1037,20-29
1037,EMP1038,20-29
1038,EMP1039,50-59
1039,EMP1040,50-59
1040,EMP1041,50-59
1041,EMP1042,50-59
1042,EMP1043,40-49
1043,EMP1044,30-39
1044,EMP1045,50-59
1045,EMP1046,30-39
1046,EMP1047,20-29
1047,EMP1048,50-59
1048,EMP1049,40-49
1049,EMP1050,30-39
1050,EMP1051,40-49
1051,EMP1052,40-49
1052,EMP1053,20-29
1053,EMP1054,20-29
1054,EMP1055,40-49
1055,EMP1056,30-39
1056,EMP1057,40-49
1057,EMP1058,20-29
1058,EMP1059,30-39
1059,EMP1060,20-29
1060,EMP1061,30-39
1061,EMP1062,40-49
1062,EMP1063,20-29
1063,EMP1064,50-59
1064,EMP1065,50-59
1065,EMP1066,30-39
1066,EMP1067,50-59
1067,EMP1068,40-49
1068,EMP1069,40-49
1069,EMP1070,50-59
1070,EMP1071,20-29
1071,EMP1072,40-49
1072,EMP1073,20-29
1073,EMP1074,50-59
1074,EMP1075,50-59
1075,EMP1076,50-59
1076,EMP1077,20-29
1077,EMP1078,50-59
1078,EMP1079,40-49
1079,EMP1080,20-29
1080,EMP1081,20-29
1081,EMP1082,60-69
1082,EMP1083,20-29
1083,EMP1084,20-29
1084,EMP1085,30-39
1085,EMP1086,40-49
1086,EMP1087,20-29
1087,EMP1088,20-29
1088,EMP1089,50-59
1089,EMP1090,30-39
1090,EMP1091,40-49
1091,EMP1092,40-49
1092,EMP1093,30-39
1093,EMP1094,20-29
1094,EMP1095,40-49
1095,EMP1096,20-29
1096,EMP1097,50-59
1097,EMP1098,60-69
1098,EMP1099,50-59
1099,EMP1100,20-29
1100,EMP1101,60-69
1101,EMP1102,50-59
1102,EMP1103,20-29
1103,EMP1104,20-29
1104,EMP1105,30-39
1105,EMP1106,50-59
1106,EMP1107,40-49
1107,EMP1108,30-39
1108,EMP1109,30-39
1109,EMP1110,20-29
1110,EMP1111,40-49
1111,EMP1112,40-49
1112,EMP1113,30-39
1113,EMP1114,50-59
1114,EMP1115,30-39
1115,EMP1116,40-49
1116,EMP1117,40-49
1117,EMP1118,30-39
1118,EMP1119,60-69
1119,EMP1120,20-29
1120,EMP1121,30-39
1121,EMP1122,50-59
1122,EMP1123,50-59
1123,EMP1124,50-59
1124,EMP1125,50-59
1125,EMP1126,30-39
1126,EMP1127,50-59
1127,EMP1128,30-39
1128,EMP1129,50-59
1129,EMP1130,20-29
1130,EMP1131,50-59
1131,EMP1132,40-49
1132,EMP1133,50-59
1133,EMP1134,20-29
1134,EMP1135,20-29
1135,EMP1136,20-29
1136,EMP1137,20-29
1137,EMP1138,20-29
1138,EMP1139,30-39
1139,EMP1140,50-59
1140,EMP1141,50-59
1141,EMP1142,50-59
1142,EMP1143,20-29
1143,EMP1144,40-49
1144,EMP1145,40-49
1145,EMP1146,30-39
1146,EMP1147,60-69
1147,EMP1148,20-29
1148,EMP1149,30-39
1149,EMP1150,50-59
1150,EMP1151,50-59
1151,EMP1152,20-29
1152,EMP1153,40-49
1153,EMP1154,40-49
1154,EMP1155,40-49
1155,EMP1156,50-59
1156,EMP1157,50-59
1157,EMP1158,20-29
1158,EMP1159,30-39
1159,EMP1160,40-49
1160,EMP1161,30-39
1161,EMP1162,50-59
1162,EMP1163,20-29
1163,EMP1164,50-59
1164,EMP1165,60-69
1165,EMP1166,30-39
1166,EMP1167,20-29
1167,EMP1168,30-39
1168,EMP1169,40-49
1169,EMP1170,50-59
1170,EMP1171,30-39
1171,EMP1172,40-49
1172,EMP1173,30-39
1173,EMP1174,50-59
1174,EMP1175,20-29
1175,EMP1176,30-39
1176,EMP1177,20-29
1177,EMP1178,20-29
1178,EMP1179,20-29
1179,EMP1180,40-49
1180,EMP1181,50-59
1181,EMP1182,30-39
1182,EMP1183,50-59
1183,EMP1184,20-29
1184,EMP1185,30-39
1185,EMP1186,50-59
1186,EMP1187,30-39
1187,EMP1188,50-59
1188,EMP1189,30-39
1189,EMP1190,40-49
1190,EMP1191,40-49
1191,EMP1192,20-29
1192,EMP1193,30-39
1193,EMP1194,20-29
1194,EMP1195,40-49
1195,EMP1196,40-49
1196,EMP1197,30-39
1197,EMP1198,30-39
1198,EMP1199,50-59
1199,EMP1200,30-39
1200,EMP1201,50-59
1201,EMP1202,40-49
1202,EMP1203,40-49
1203,EMP1204,30-39
1204,EMP1205,50-59
1205,EMP1206,40-49
1206,EMP1207,50-59
1207,EMP1208,60-69
1208,EMP1209,20-29
1209,EMP1210,50-59
1210,EMP1211,20-29
1211,EMP1212,20-29
1212,EMP1213,30-39
1213,EMP1214,40-49
1214,EMP1215,30-39
1215,EMP1216,20-29
1216,EMP1217,50-59
1217,EMP1218,40-49
1218,EMP1219,50-59
1219,EMP1220,50-59
1220,EMP1221,30-39
1221,EMP1222,30-39
1222,EMP1223,20-29
1223,EMP1224,20-29
1224,EMP1225,40-49
1225,EMP1226,40-49
1226,EMP1227,40-49
1227,EMP1228,30-39
1228,EMP1229,40-49
1229,EMP1230,40-49
1230,EMP1231,20-29
1231,EMP1232,40-49
1232,EMP1233,30-39
1233,EMP1234,40-49
1234,EMP1235,50-59
1235,EMP1236,30-39
1236,EMP1237,50-59
1237,EMP1238,20-29
1238,EMP1239,40-49
1239,EMP1240,20-29
1240,EMP1241,50-59
1241,EMP1242,30-39
1242,EMP1243,40-49
1243,EMP1244,30-39
1244,EMP1245,40-49
1245,EMP1246,40-49
1246,EMP1247,40-49
1247,EMP1248,50-59
1248,EMP1249,40-49
1249,EMP1250,20-29
1250,EMP1251,50-59
1251,EMP1252,40-49
1252,EMP1253,20-29
1253,EMP1254,20-29
1254,EMP1255,40-49
1255,EMP1256,40-49
1256,EMP1257,40-49
1257,EMP1258,30-39
1258,EMP1259,50-59
1259,EMP1260,20-29
1260,EMP1261,20-29
1261,EMP1262,20-29
1262,EMP1263,50-59
1263,EMP1264,50-59
1264,EMP1265,30-39
1265,EMP1266,30-39
1266,EMP1267,40-49
1267,EMP1268,20-29
1268,EMP1269,50-59
1269,EMP1270,20-29
1270,EMP1271,20-29
1271,EMP1272,40-49
1272,EMP1273,50-59
1273,EMP1274,30-39
1274,EMP1275,50-59
1275,EMP1276,50-59
1276,EMP1277,20-29
1277,EMP1278,50-59
1278,EMP1279,50-59
1279,EMP1280,50-59
1280,EMP1281,30-39
1281,EMP1282,30-39
1282,EMP1283,40-49
1283,EMP1284,20-29
1284,EMP1285,40-49
1285,EMP1286,50-59
1286,EMP1287,30-39
1287,EMP1288,50-59
1288,EMP1289,30-39
1289,EMP1290,20-29
1290,EMP1291,20-29
1291,EMP1292,40-49
1292,EMP1293,20-29
1293,EMP1294,40-49
1294,EMP1295,20-29
1295,EMP1296,30-39
1296,EMP1297,40-49
1297,EMP1298,40-49
1298,EMP1299,50-59
1299,EMP1300,30-39
1300,EMP1301,30-39
1301,EMP1302,50-59
1302,EMP1303,50-59
1303,EMP1304,50-59
1304,EMP1305,30-39
1305,EMP1306,50-59
1306,EMP1307,40-49
1307,EMP1308,50-59
1308,EMP1309,20-29
1309,EMP1310,60-69
1310,EMP1311,40-49
1311,EMP1312,20-29
1312,EMP1313,20-29
1313,EMP1314,30-39
1314,EMP1315,50-59
1315,EMP1316,40-49
1316,EMP1317,40-49
1317,EMP1318,40-49
1318,EMP1319,50-59
1319,EMP1320,50-59
1320,EMP1321,50-59
1321,EMP1322,40-49
1322,EMP1323,20-29
1323,EMP1324,30-39
1324,EMP1325,50-59
1325,EMP1326,30-39
1326,EMP1327,20-29
1327,EMP1328,40-49
1328,EMP1329,20-29
1329,EMP1330,30-39
1330,EMP1331,20-29
1331,EMP1332,60-69
1332,EMP1333,50-59
1333,EMP1334,20-29
1334,EMP1335,50-59
1335,EMP1336,40-49
1336,EMP1337,30-39
1337,EMP1338,50-59
1338,EMP1339,40-49
1339,EMP1340,30-39
1340,EMP1341,40-49
1341,EMP1342,20-29
1342,EMP1343,40-49
1343,EMP1344,40-49
1344,EMP1345,40-49
1345,EMP1346,30-39
1346,EMP1347,20-29
1347,EMP1348,50-59
1348,EMP1349,50-59
1349,EMP1350,50-59
1350,EMP1351,20-29
1351,EMP1352,50-59
1352,EMP1353,50-59
1353,EMP1354,40-49
1354,EMP1355,30-39
1355,EMP1356,40-49
1356,EMP1357,40-49
1357,EMP1358,50-59
1358,EMP1359,20-29
1359,EMP1360,20-29
1360,EMP1361,30-39
1361,EMP1362,40-49
1362,EMP1363,20-29
1363,EMP1364,30-39
1364,EMP1365,30-39
1365,EMP1366,20-29
1366,EMP1367,50-59
1367,EMP1368,40-49
1368,EMP1369,40-49
1369,EMP1370,40-49
1370,EMP1371,40-49
1371,EMP1372,30-39
1372,EMP1373,50-59
1373,EMP1374,60-69
1374,EMP1375,40-49
1375,EMP1376,30-39
1376,EMP1377,40-49
1377,EMP1378,30-39
1378,EMP1379,30-39
1379,EMP1380,40-49
1380,EMP1381,40-49
1381,EMP1382,30-39
1382,EMP1383,20-29
1383,EMP1384,50-59
1384,EMP1385,20-29
1385,EMP1386,50-59
1386,EMP1387,50-59
1387,EMP1388,60-69
1388,EMP1389,20-29
1389,EMP1390,40-49
1390,EMP1391,20-29
1391,EMP1392,50-59
1392,EMP1393,30-39
1393,EMP1394,40-49
1394,EMP1395,50-59
1395,EMP1396,40-49
1396,EMP1397,30-39
1397,EMP1398,50-59
1398,EMP1399,20-29
1399,EMP1400,50-59
1400,EMP1401,20-29
1401,EMP1402,30-39
1402,EMP1403,50-59
1403,EMP1404,40-49
1404,EMP1405,20-29
1405,EMP1406,40-49
1406,EMP1407,40-49
1407,EMP1408,20-29
1408,EMP1409,50-59
1409,EMP1410,30-39
1410,EMP1411,30-39
1411,EMP1412,20-29
1412,EMP1413,40-49
1413,EMP1414,30-39
1414,EMP1415,30-39
1415,EMP1416,30-39
1416,EMP1417,40-49
1417,EMP1418,30-39
1418,EMP1419,30-39
1419,EMP1420,30-39
1420,EMP1421,50-59
1421,EMP1422,20-29
1422,EMP1423,20-29
1423,EMP1424,40-49
1424,EMP1425,20-29
1425,EMP1426,40-49
1426,EMP1427,30-39
1427,EMP1428,30-39
1428,EMP1429,40-49
1429,EMP1430,40-49
1430,EMP1431,40-49
1431,EMP1432,20-29
1432,EMP1433,50-59
1433,EMP1434,50-59
1434,EMP1435,40-49
1435,EMP1436,50-59
1436,EMP1437,20-29
1437,EMP1438,30-39
1438,EMP1439,50-59
1439,EMP1440,50-59
1440,EMP1441,20-29
1441,EMP1442,40-49
1442,EMP1443,30-39
1443,EMP1444,30-39
1444,EMP1445,20-29
1445,EMP1446,50-59
1446,EMP1447,40-49
1447,EMP1448,40-49
1448,EMP1449,20-29
1449,EMP1450,20-29
1450,EMP1451,20-29
1451,EMP1452,30-39
1452,EMP1453,50-59
1453,EMP1454,50-59
1454,EMP1455,20-29
1455,EMP1456,40-49
1456,EMP1457,50-59
1457,EMP1458,50-59
1458,EMP1459,50-59
1459,EMP1460,20-29
1460,EMP1461,40-49
1461,EMP1462,30-39
1462,EMP1463,50-59
1463,EMP1464,50-59
1464,EMP1465,30-39
1465,EMP1466,50-59
1466,EMP1467,40-49
1467,EMP1468,40-49
1468,EMP1469,20-29
1469,EMP1470,50-59
1470,EMP1471,30-39
1471,EMP1472,50-59
1472,EMP1473,30-39
1473,EMP1474,40-49
1474,EMP1475,20-29
1475,EMP1476,40-49
1476,EMP1477,20-29
1477,EMP1478,40-49
1478,EMP1479,40-49
1479,EMP1480,50-59
1480,EMP1481,40-49
1481,EMP1482,20-29
1482,EMP1483,30-39
1483,EMP1484,30-39
1484,EMP1485,40-49
1485,EMP1486,40-49
1486,EMP1487,30-39
1487,EMP1488,20-29
1488,EMP1489,20-29
1489,EMP1490,60-69
1490,EMP1491,50-59
1491,EMP1492,30-39
1492,EMP1493,30-39
1493,EMP1494,20-29
1494,EMP1495,40-49
1495,EMP1496,20-29
1496,EMP1497,50-59
1497,EMP1498,60-69
1498,EMP1499,30-39
1499,EMP1500,40-49
1500,EMP1501,30-39
1501,EMP1502,40-49
1502,EMP1503,40-49
1503,EMP1504,20-29
1504,EMP1505,40-49
1505,EMP1506,60-69
1506,EMP1507,40-49
1507,EMP1508,20-29
1508,EMP1509,40-49
1509,EMP1510,20-29
1510,EMP1511,40-49
1511,EMP1512,20-29
1512,EMP1513,40-49
1513,EMP1514,20-29
1514,EMP1515,50-59
1515,EMP1516,40-49
1516,EMP1517,50-59
1517,EMP1518,40-49
1518,EMP1519,20-29
1519,EMP1520,50-59
1520,EMP1521,40-49
1521,EMP1522,20-29
1522,EMP1523,40-49
1523,EMP1524,50-59
1524,EMP1525,20-29
1525,EMP1526,20-29
1526,EMP1527,40-49
1527,EMP1528,50-59
1528,EMP1529,40-49
1529,EMP1530,40-49
1530,EMP1531,40-49
1531,EMP1532,40-49
1532,EMP1533,20-29
1533,EMP1534,40-49
1534,EMP1535,30-39
1535,EMP1536,50-59
1536,EMP1537,20-29
1537,EMP1538,40-49
1538,EMP1539,40-49
1539,EMP1540,50-59
1540,EMP1541,20-29
1541,EMP1542,50-59
1542,EMP1543,30-39
1543,EMP1544,30-39
1544,EMP1545,30-39
1545,EMP1546,60-69
1546,EMP1547,20-29
1547,EMP1548,40-49
1548,EMP1549,40-49
1549,EMP1550,20-29
1550,EMP1551,30-39
1551,EMP1552,20-29
1552,EMP1553,30-39
1553,EMP1554,40-49
1554,EMP1555,50-59
1555,EMP1556,20-29
1556,EMP1557,30-39
1557,EMP1558,40-49
1558,EMP1559,60-69
1559,EMP1560,20-29
1560,EMP1561,20-29
1561,EMP1562,50-59
1562,EMP1563,30-39
1563,EMP1564,30-39
1564,EMP1565,20-29
1565,EMP1566,50-59
1566,EMP1567,30-39
1567,EMP1568,30-39
1568,EMP1569,50-59
1569,EMP1570,20-29
1570,EMP1571,50-59
1571,EMP1572,30-39
1572,EMP1573,40-49
1573,EMP1574,50-59
1574,EMP1575,30-39
1575,EMP1576,20-29
1576,EMP1577,20-29
1577,EMP1578,50-59
1578,EMP1579,50-59
1579,EMP1580,40-49
1580,EMP1581,40-49
1581,EMP1582,20-29
1582,EMP1583,50-59
1583,EMP1584,20-29
1584,EMP1585,30-39
1585,EMP1586,50-59
1586,EMP1587,20-29
1587,EMP1588,40-49
1588,EMP1589,50-59
1589,EMP1590,30-39
1590,EMP1591,30-39
1591,EMP1592,50-59
1592,EMP1593,50-59
1593,EMP1594,20-29
1594,EMP1595,40-49
1595,EMP1596,40-49
1596,EMP1597,40-49
1597,EMP1598,40-49
1598,EMP1599,40-49
1599,EMP1600,20-29
1600,EMP1601,30-39
1601,EMP1602,30-39
1602,EMP1603,50-59
1603,EMP1604,30-39
1604,EMP1605,30-39
1605,EMP1606,20-29
1606,EMP1607,30-39
1607,EMP1608,20-29
1608,EMP1609,50-59
1609,EMP1610,50-59
1610,EMP1611,30-39
1611,EMP1612,20-29
1612,EMP1613,50-59
1613,EMP1614,30-39
1614,EMP1615,20-29
1615,EMP1616,50-59
1616,EMP1617,30-39
1617,EMP1618,20-29
1618,EMP1619,30-39
1619,EMP1620,30-39
1620,EMP1621,40-49
1621,EMP1622,40-49
1622,EMP1623,30-39
1623,EMP1624,40-49
1624,EMP1625,30-39
1625,EMP1626,50-59
1626,EMP1627,30-39
1627,EMP1628,40-49
1628,EMP1629,30-39
1629,EMP1630,30-39
1630,EMP1631,50-59
1631,EMP1632,50-59
1632,EMP1633,30-39
1633,EMP1634,50-59
1634,EMP1635,50-59
1635,EMP1636,30-39
1636,EMP1637,50-59
1637,EMP1638,40-49
1638,EMP1639,30-39
1639,EMP1640,40-49
1640,EMP1641,50-59
1641,EMP1642,20-29
1642,EMP1643,40-49
1643,EMP1644,50-59
1644,EMP1645,30-39
1645,EMP1646,30-39
1646,EMP1647,60-69
1647,EMP1648,50-59
1648,EMP1649,40-49
1649,EMP1650,40-49
1650,EMP1651,50-59
1651,EMP1652,40-49
1652,EMP1653,30-39
1653,EMP1654,20-29
1654,EMP1655,30-39
1655,EMP1656,50-59
1656,EMP1657,30-39
1657,EMP1658,30-39
1658,EMP1659,40-49
1659,EMP1660,40-49
1660,EMP1661,50-59
1661,EMP1662,40-49
1662,EMP1663,50-59
1663,EMP1664,30-39
1664,EMP1665,30-39
1665,EMP1666,30-39
1666,EMP1667,40-49
1667,EMP1668,30-39
1668,EMP1669,20-29
1669,EMP1670,30-39
1670,EMP1671,30-39
1671,EMP1672,40-49
1672,EMP1673,30-39
1673,EMP1674,50-59
1674,EMP1675,30-39
1675,EMP1676,40-49
1676,EMP1677,40-49
1677,EMP1678,40-49
1678,EMP1679,40-49
1679,EMP1680,40-49
1680,EMP1681,30-39
1681,EMP1682,30-39
1682,EMP1683,30-39
1683,EMP1684,50-59
1684,EMP1685,40-49
1685,EMP1686,40-49
1686,EMP1687,40-49
1687,EMP1688,40-49
1688,EMP1689,60-69
1689,EMP1690,50-59
1690,EMP1691,30-39
1691,EMP1692,50-59
1692,EMP1693,50-59
1693,EMP1694,20-29
1694,EMP1695,30-39
1695,EMP1696,50-59
1696,EMP1697,50-59
1697,EMP1698,30-39
1698,EMP1699,40-49
1699,EMP1700,40-49
1700,EMP1701,20-29
1701,EMP1702,50-59
1702,EMP1703,40-49
1703,EMP1704,50-59
1704,EMP1705,30-39
1705,EMP1706,40-49
1706,EMP1707,20-29
1707,EMP1708,50-59
1708,EMP1709,20-29
1709,EMP1710,40-49
1710,EMP1711,50-59
1711,EMP1712,40-49
1712,EMP1713,30-39
1713,EMP1714,30-39
1714,EMP1715,30-39
1715,EMP1716,40-49
1716,EMP1717,50-59
1717,EMP1718,50-59
1718,EMP1719,50-59
1719,EMP1720,40-49
1720,EMP1721,30-39
1721,EMP1722,30-39
1722,EMP1723,20-29
1723,EMP1724,40-49
1724,EMP1725,50-59
1725,EMP1726,30-39
1726,EMP1727,30-39
1727,EMP1728,20-29
1728,EMP1729,50-59
1729,EMP1730,40-49
1730,EMP1731,40-49
1731,EMP1732,30-39
1732,EMP1733,50-59
1733,EMP1734,20-29
1734,EMP1735,20-29
1735,EMP1736,40-49
1736,EMP1737,20-29
1737,EMP1738,40-49
1738,EMP1739,30-39
1739,EMP1740,30-39
1740,EMP1741,50-59
1741,EMP1742,50-59
1742,EMP1743,20-29
1743,EMP1744,20-29
1744,EMP1745,50-59
1745,EMP1746,40-49
1746,EMP1747,20-29
1747,EMP1748,20-29
1748,EMP1749,30-39
1749,EMP1750,30-39
1750,EMP1751,30-39
1751,EMP1752,50-59
1752,EMP1753,50-59
1753,EMP1754,40-49
1754,EMP1755,50-59
1755,EMP1756,20-29
1756,EMP1757,50-59
1757,EMP1758,30-39
1758,EMP1759,30-39
1759,EMP1760,20-29
1760,EMP1761,20-29
1761,EMP1762,20-29
1762,EMP1763,50-59
1763,EMP1764,30-39
1764,EMP1765,40-49
1765,EMP1766,30-39
1766,EMP1767,20-29
1767,EMP1768,40-49
1768,EMP1769,40-49
1769,EMP1770,30-39
1770,EMP1771,40-49
1771,EMP1772,20-29
1772,EMP1773,50-59
1773,EMP1774,30-39
1774,EMP1775,40-49
1775,EMP1776,60-69
1776,EMP1777,40-49
1777,EMP1778,40-49
1778,EMP1779,50-59
1779,EMP1780,30-39
1780,EMP1781,20-29
1781,EMP1782,30-39
1782,EMP1783,40-49
1783,EMP1784,30-39
1784,EMP1785,20-29
1785,EMP1786,20-29
1786,EMP1787,30-39
1787,EMP1788,40-49
1788,EMP1789,20-29
1789,EMP1790,30-39
1790,EMP1791,30-39
1791,EMP1792,30-39
1792,EMP1793,20-29
1793,EMP1794,50-59
1794,EMP1795,50-59
1795,EMP1796,30-39
1796,EMP1797,30-39
1797,EMP1798,40-49
1798,EMP1799,40-49
1799,EMP1800,50-59
1800,EMP1801,50-59
1801,EMP1802,40-49
1802,EMP1803,40-49
1803,EMP1804,50-59
1804,EMP1805,30-39
1805,EMP1806,50-59
1806,EMP1807,50-59
1807,EMP1808,20-29
1808,EMP1809,40-49
1809,EMP1810,40-49
1810,EMP1811,40-49
1811,EMP1812,20-29
1812,EMP1813,40-49
1813,EMP1814,50-59
1814,EMP1815,50-59
1815,EMP1816,40-49
1816,EMP1817,30-39
1817,EMP1818,30-39
1818,EMP1819,50-59
1819,EMP1820,50-59
1820,EMP1821,20-29
1821,EMP1822,40-49
1822,EMP1823,20-29
1823,EMP1824,30-39
1824,EMP1825,30-39
1825,EMP1826,30-39
1826,EMP1827,50-59
1827,EMP1828,40-49
1828,EMP1829,50-59
1829,EMP1830,40-49
1830,EMP1831,20-29
1831,EMP1832,20-29
1832,EMP1833,20-29
1833,EMP1834,40-49
1834,EMP1835,30-39
1835,EMP1836,40-49
1836,EMP1837,50-59
1837,EMP1838,20-29
1838,EMP1839,40-49
1839,EMP1840,40-49
1840,EMP1841,40-49
1841,EMP1842,60-69
1842,EMP1843,20-29
1843,EMP1844,50-59
1844,EMP1845,20-29
1845,EMP1846,40-49
1846,EMP1847,20-29
1847,EMP1848,30-39
1848,EMP1849,20-29
1849,EMP1850,50-59
1850,EMP1851,50-59
1851,EMP1852,50-59
1852,EMP1853,30-39
1853,EMP1854,50-59
1854,EMP1855,30-39
1855,EMP1856,30-39
1856,EMP1857,40-49
1857,EMP1858,30-39
1858,EMP1859,30-39
1859,EMP1860,20-29
1860,EMP1861,30-39
1861,EMP1862,50-59
1862,EMP1863,20-29
1863,EMP1864,40-49
1864,EMP1865,40-49
1865,EMP1866,40-49
1866,EMP1867,30-39
1867,EMP1868,30-39
1868,EMP1869,30-39
1869,EMP1870,20-29
1870,EMP1871,20-29
1871,EMP1872,50-59
1872,EMP1873,60-69
1873,EMP1874,30-39
1874,EMP1875,30-39
1875,EMP1876,30-39
1876,EMP1877,30-39
1877,EMP1878,40-49
1878,EMP1879,20-29
1879,EMP1880,40-49
1880,EMP1881,30-39
1881,EMP1882,20-29
1882,EMP1883,50-59
1883,EMP1884,40-49
1884,EMP1885,20-29
1885,EMP1886,50-59
1886,EMP1887,40-49
1887,EMP1888,40-49
1888,EMP1889,40-49
1889,EMP1890,50-59
1890,EMP1891,40-49
1891,EMP1892,30-39
1892,EMP1893,50-59
1893,EMP1894,30-39
1894,EMP1895,30-39
1895,EMP1896,40-49
1896,EMP1897,50-59
1897,EMP1898,50-59
1898,EMP1899,50-59
1899,EMP1900,40-49
1900,EMP1901,20-29
1901,EMP1902,30-39
1902,EMP1903,40-49
1903,EMP1904,20-29
1904,EMP1905,40-49
1905,EMP1906,40-49
1906,EMP1907,50-59
1907,EMP1908,60-69
1908,EMP1909,30-39
1909,EMP1910,40-49
1910,EMP1911,40-49
1911,EMP1912,30-39
1912,EMP1913,40-49
1913,EMP1914,50-59
1914,EMP1915,50-59
1915,EMP1916,50-59
1916,EMP1917,40-49
1917,EMP1918,50-59
1918,EMP1919,20-29
1919,EMP1920,50-59
1920,EMP1921,40-49
1921,EMP1922,30-39
1922,EMP1923,30-39
1923,EMP1924,30-39
1924,EMP1925,50-59
1925,EMP1926,30-39
1926,EMP1927,50-59
1927,EMP1928,20-29
1928,EMP1929,30-39
1929,EMP1930,20-29
1930,EMP1931,20-29
1931,EMP1932,50-59
1932,EMP1933,40-49
1933,EMP1934,20-29
1934,EMP1935,20-29
1935,EMP1936,30-39
1936,EMP1937,50-59
1937,EMP1938,40-49
1938,EMP1939,30-39
1939,EMP1940,50-59
1940,EMP1941,30-39
1941,EMP1942,40-49
1942,EMP1943,50-59
1943,EMP1944,30-39
1944,EMP1945,50-59
1945,EMP1946,40-49
1946,EMP1947,50-59
1947,EMP1948,40-49
1948,EMP1949,50-59
1949,EMP1950,20-29
1950,EMP1951,20-29
1951,EMP1952,30-39
1952,EMP1953,30-39
1953,EMP1954,60-69
1954,EMP1955,30-39
1955,EMP1956,20-29
1956,EMP1957,40-49
1957,EMP1958,30-39
1958,EMP1959,50-59
1959,EMP1960,30-39
1960,EMP1961,20-29
1961,EMP1962,20-29
1962,EMP1963,50-59
1963,EMP1964,20-29
1964,EMP1965,50-59
1965,EMP1966,20-29
1966,EMP1967,40-49
1967,EMP1968,50-59
1968,EMP1969,40-49
1969,EMP1970,50-59
1970,EMP1971,40-49
1971,EMP1972,50-59
1972,EMP1973,20-29
1973,EMP1974,50-59
1974,EMP1975,50-59
1975,EMP1976,40-49
1976,EMP1977,50-59
1977,EMP1978,20-29
1978,EMP1979,40-49
1979,EMP1980,50-59
1980,EMP1981,30-39
1981,EMP1982,30-39
1982,EMP1983,30-39
1983,EMP1984,50-59
1984,EMP1985,30-39
1985,EMP1986,50-59
1986,EMP1987,50-59
1987,EMP1988,20-29
1988,EMP1989,30-39
1989,EMP1990,30-39
1990,EMP1991,30-39
1991,EMP1992,30-39
1992,EMP1993,20-29
1993,EMP1994,50-59
1994,EMP1995,40-49
1995,EMP1996,50-59
1996,EMP1997,40-49
1997,EMP1998,30-39
1998,EMP1999,50-59
1999,EMP2000,30-39
2000,EMP2001,50-59
2001,EMP2002,60-69
2002,EMP2003,30-39
2003,EMP2004,30-39
2004,EMP2005,20-29
2005,EMP2006,40-49
2006,EMP2007,30-39
2007,EMP2008,40-49
2008,EMP2009,50-59
2009,EMP2010,40-49
2010,EMP2011,20-29
2011,EMP2012,40-49
2012,EMP2013,40-49
2013,EMP2014,20-29
2014,EMP2015,30-39
2015,EMP2016,30-39
2016,EMP2017,50-59
2017,EMP2018,20-29
2018,EMP2019,30-39
2019,EMP2020,30-39
2020,EMP2021,50-59
2021,EMP2022,50-59
2022,EMP2023,50-59
2023,EMP2024,30-39
2024,EMP2025,40-49
2025,EMP2026,50-59
2026,EMP2027,20-29
2027,EMP2028,30-39
2028,EMP2029,20-29
2029,EMP2030,20-29
2030,EMP2031,40-49
2031,EMP2032,60-69
2032,EMP2033,20-29
2033,EMP2034,40-49
2034,EMP2035,30-39
2035,EMP2036,30-39
2036,EMP2037,20-29
2037,EMP2038,20-29
2038,EMP2039,50-59
2039,EMP2040,40-49
2040,EMP2041,40-49
2041,EMP2042,40-49
2042,EMP2043,30-39
2043,EMP2044,20-29
2044,EMP2045,50-59
2045,EMP2046,20-29
2046,EMP2047,50-59
2047,EMP2048,40-49
2048,EMP2049,20-29
2049,EMP2050,40-49
2050,EMP2051,30-39
2051,EMP2052,40-49
2052,EMP2053,50-59
2053,EMP2054,50-59
2054,EMP2055,40-49
2055,EMP2056,40-49
2056,EMP2057,30-39
2057,EMP2058,40-49
2058,EMP2059,60-69
2059,EMP2060,20-29
2060,EMP2061,50-59
2061,EMP2062,30-39
2062,EMP2063,30-39
2063,EMP2064,50-59
2064,EMP2065,50-59
2065,EMP2066,20-29
2066,EMP2067,30-39
2067,EMP2068,30-39
2068,EMP2069,50-59
2069,EMP2070,40-49
2070,EMP2071,40-49
2071,EMP2072,20-29
2072,EMP2073,40-49
2073,EMP2074,50-59
2074,EMP2075,20-29
2075,EMP2076,20-29
2076,EMP2077,20-29
2077,EMP2078,40-49
2078,EMP2079,20-29
2079,EMP2080,30-39
2080,EMP2081,30-39
2081,EMP2082,30-39
2082,EMP2083,50-59
2083,EMP2084,20-29
2084,EMP2085,40-49
2085,EMP2086,30-39
2086,EMP2087,30-39
2087,EMP2088,30-39
2088,EMP2089,50-59
2089,EMP2090,60-69
2090,EMP2091,50-59
2091,EMP2092,50-59
2092,EMP2093,40-49
2093,EMP2094,30-39
2094,EMP2095,30-39
2095,EMP2096,50-59
2096,EMP2097,50-59
2097,EMP2098,50-59
2098,EMP2099,40-49
2099,EMP2100,50-59
2100,EMP2101,40-49
2101,EMP2102,50-59
2102,EMP2103,20-29
2103,EMP2104,30-39
2104,EMP2105,40-49
2105,EMP2106,20-29
2106,EMP2107,40-49
2107,EMP2108,30-39
2108,EMP2109,30-39
2109,EMP2110,40-49
2110,EMP2111,50-59
2111,EMP2112,40-49
2112,EMP2113,50-59
2113,EMP2114,50-59
2114,EMP2115,50-59
2115,EMP2116,30-39
2116,EMP2117,40-49
2117,EMP2118,50-59
2118,EMP2119,50-59
2119,EMP2120,20-29
2120,EMP2121,40-49
2121,EMP2122,40-49
2122,EMP2123,20-29
2123,EMP2124,20-29
2124,EMP2125,50-59
2125,EMP2126,50-59
2126,EMP2127,20-29
2127,EMP2128,30-39
2128,EMP2129,30-39
2129,EMP2130,30-39
2130,EMP2131,50-59
2131,EMP2132,20-29
2132,EMP2133,20-29
2133,EMP2134,50-59
2134,EMP2135,20-29
2135,EMP2136,20-29
2136,EMP2137,50-59
2137,EMP2138,40-49
2138,EMP2139,40-49
2139,EMP2140,20-29
2140,EMP2141,50-59
2141,EMP2142,20-29
2142,EMP2143,30-39
2143,EMP2144,50-59
2144,EMP2145,50-59
2145,EMP2146,50-59
2146,EMP2147,40-49
2147,EMP2148,20-29
2148,EMP2149,30-39
2149,EMP2150,30-39
2150,EMP2151,20-29
2151,EMP2152,30-39
2152,EMP2153,40-49
2153,EMP2154,20-29
2154,EMP2155,50-59
2155,EMP2156,50-59
2156,EMP2157,40-49
2157,EMP2158,30-39
2158,EMP2159,40-49
2159,EMP2160,30-39
2160,EMP2161,20-29
2161,EMP2162,40-49
2162,EMP2163,50-59
2163,EMP2164,30-39
2164,EMP2165,30-39
2165,EMP2166,50-59
2166,EMP2167,30-39
2167,EMP2168,50-59
2168,EMP2169,30-39
2169,EMP2170,50-59
2170,EMP2171,40-49
2171,EMP2172,30-39
2172,EMP2173,50-59
2173,EMP2174,50-59
2174,EMP2175,30-39
2175,EMP2176,50-59
2176,EMP2177,30-39
2177,EMP2178,20-29
2178,EMP2179,40-49
2179,EMP2180,30-39
2180,EMP2181,40-49
2181,EMP2182,30-39
2182,EMP2183,40-49
2183,EMP2184,40-49
2184,EMP2185,20-29
2185,EMP2186,40-49
2186,EMP2187,20-29
2187,EMP2188,40-49
2188,EMP2189,50-59
2189,EMP2190,50-59
2190,EMP2191,50-59
2191,EMP2192,40-49
2192,EMP2193,20-29
2193,EMP2194,40-49
2194,EMP2195,20-29
2195,EMP2196,30-39
2196,EMP2197,40-49
2197,EMP2198,50-59
2198,EMP2199,40-49
2199,EMP2200,30-39
2200,EMP2201,40-49
2201,EMP2202,20-29
2202,EMP2203,50-59
2203,EMP2204,50-59
2204,EMP2205,50-59
2205,EMP2206,20-29
2206,EMP2207,20-29
2207,EMP2208,20-29
2208,EMP2209,30-39
2209,EMP2210,20-29
2210,EMP2211,30-39
2211,EMP2212,40-49
2212,EMP2213,20-29
2213,EMP2214,30-39
2214,EMP2215,50-59
2215,EMP2216,40-49
2216,EMP2217,30-39
2217,EMP2218,50-59
2218,EMP2219,50-59
2219,EMP2220,30-39
2220,EMP2221,40-49
2221,EMP2222,20-29
2222,EMP2223,30-39
2223,EMP2224,20-29
2224,EMP2225,40-49
2225,EMP2226,50-59
2226,EMP2227,40-49
2227,EMP2228,50-59
2228,EMP2229,40-49
2229,EMP2230,20-29
2230,EMP2231,40-49
2231,EMP2232,40-49
2232,EMP2233,40-49
2233,EMP2234,30-39
2234,EMP2235,40-49
2235,EMP2236,50-59
2236,EMP2237,30-39
2237,EMP2238,40-49
2238,EMP2239,20-29
2239,EMP2240,40-49
2240,EMP2241,20-29
2241,EMP2242,50-59
2242,EMP2243,20-29
2243,EMP2244,40-49
2244,EMP2245,30-39
2245,EMP2246,40-49
2246,EMP2247,50-59
2247,EMP2248,50-59
2248,EMP2249,20-29
2249,EMP2250,20-29
2250,EMP2251,30-39
2251,EMP2252,30-39
2252,EMP2253,40-49
2253,EMP2254,50-59
2254,EMP2255,30-39
2255,EMP2256,50-59
2256,EMP2257,30-39
2257,EMP2258,30-39
2258,EMP2259,50-59
2259,EMP2260,20-29
2260,EMP2261,60-69
2261,EMP2262,20-29
2262,EMP2263,50-59
2263,EMP2264,50-59
2264,EMP2265,50-59
2265,EMP2266,40-49
2266,EMP2267,50-59
2267,EMP2268,20-29
2268,EMP2269,20-29
2269,EMP2270,20-29
2270,EMP2271,20-29
2271,EMP2272,40-49
2272,EMP2273,30-39
2273,EMP2274,30-39
2274,EMP2275,50-59
2275,EMP2276,30-39
2276,EMP2277,40-49
2277,EMP2278,40-49
2278,EMP2279,50-59
2279,EMP2280,30-39
2280,EMP2281,60-69
2281,EMP2282,30-39
2282,EMP2283,30-39
2283,EMP2284,20-29
2284,EMP2285,30-39
2285,EMP2286,50-59
2286,EMP2287,30-39
2287,EMP2288,30-39
2288,EMP2289,50-59
2289,EMP2290,40-49
2290,EMP2291,40-49
2291,EMP2292,30-39
2292,EMP2293,40-49
2293,EMP2294,30-39
2294,EMP2295,30-39
2295,EMP2296,40-49
2296,EMP2297,50-59
2297,EMP2298,20-29
2298,EMP2299,50-59
2299,EMP2300,40-49
2300,EMP2301,40-49
2301,EMP2302,30-39
2302,EMP2303,20-29
2303,EMP2304,40-49
2304,EMP2305,30-39
2305,EMP2306,20-29
2306,EMP2307,20-29
2307,EMP2308,20-29
2308,EMP2309,40-49
2309,EMP2310,40-49
2310,EMP2311,30-39
2311,EMP2312,30-39
2312,EMP2313,20-29
2313,EMP2314,40-49
2314,EMP2315,50-59
2315,EMP2316,30-39
2316,EMP2317,50-59
2317,EMP2318,30-39
2318,EMP2319,30-39
2319,EMP2320,30-39
2320,EMP2321,20-29
2321,EMP2322,40-49
2322,EMP2323,50-59
2323,EMP2324,20-29
2324,EMP2325,40-49
2325,EMP2326,30-39
2326,EMP2327,50-59
2327,EMP2328,20-29
2328,EMP2329,40-49
2329,EMP2330,40-49
2330,EMP2331,40-49
2331,EMP2332,20-29
2332,EMP2333,40-49
2333,EMP2334,50-59
2334,EMP2335,40-49
2335,EMP2336,50-59
2336,EMP2337,40-49
2337,EMP2338,40-49
2338,EMP2339,20-29
2339,EMP2340,30-39
2340,EMP2341,30-39
2341,EMP2342,50-59
2342,EMP2343,20-29
2343,EMP2344,40-49
2344,EMP2345,20-29
2345,EMP2346,30-39
2346,EMP2347,30-39
2347,EMP2348,30-39
2348,EMP2349,20-29
2349,EMP2350,20-29
2350,EMP2351,40-49
2351,EMP2352,50-59
2352,EMP2353,20-29
2353,EMP2354,50-59
2354,EMP2355,30-39
2355,EMP2356,30-39
2356,EMP2357,50-59
2357,EMP2358,50-59
2358,EMP2359,40-49
2359,EMP2360,40-49
2360,EMP2361,20-29
2361,EMP2362,30-39
2362,EMP2363,30-39
2363,EMP2364,50-59
2364,EMP2365,30-39
2365,EMP2366,40-49
2366,EMP2367,20-29
2367,EMP2368,50-59
2368,EMP2369,30-39
2369,EMP2370,40-49
2370,EMP2371,40-49
2371,EMP2372,50-59
2372,EMP2373,30-39
2373,EMP2374,30-39
2374,EMP2375,40-49
2375,EMP2376,20-29
2376,EMP2377,20-29
2377,EMP2378,50-59
2378,EMP2379,20-29
2379,EMP2380,20-29
2380,EMP2381,30-39
2381,EMP2382,30-39
2382,EMP2383,50-59
2383,EMP2384,40-49
2384,EMP2385,50-59
2385,EMP2386,20-29
2386,EMP2387,40-49
2387,EMP2388,50-59
2388,EMP2389,40-49
2389,EMP2390,30-39
2390,EMP2391,50-59
2391,EMP2392,20-29
2392,EMP2393,30-39
2393,EMP2394,30-39
2394,EMP2395,40-49
2395,EMP2396,40-49
2396,EMP2397,20-29
2397,EMP2398,20-29
2398,EMP2399,50-59
2399,EMP2400,30-39
2400,EMP2401,20-29
2401,EMP2402,40-49
2402,EMP2403,20-29
2403,EMP2404,20-29
2404,EMP2405,20-29
2405,EMP2406,50-59
2406,EMP2407,50-59
2407,EMP2408,20-29
2408,EMP2409,20-29
2409,EMP2410,50-59
2410,EMP2411,40-49
2411,EMP2412,40-49
2412,EMP2413,40-49
2413,EMP2414,60-69
2414,EMP2415,30-39
2415,EMP2416,50-59
2416,EMP2417,50-59
2417,EMP2418,40-49
2418,EMP2419,50-59
2419,EMP2420,20-29
2420,EMP2421,40-49
2421,EMP2422,50-59
2422,EMP2423,40-49
2423,EMP2424,30-39
2424,EMP2425,50-59
2425,EMP2426,20-29
2426,EMP2427,20-29
2427,EMP2428,40-49
2428,EMP2429,20-29
2429,EMP2430,20-29
2430,EMP2431,30-39
2431,EMP2432,40-49
2432,EMP2433,20-29
2433,EMP2434,50-59
2434,EMP2435,30-39
2435,EMP2436,50-59
2436,EMP2437,20-29
2437,EMP2438,20-29
2438,EMP2439,50-59
2439,EMP2440,20-29
2440,EMP2441,40-49
2441,EMP2442,50-59
2442,EMP2443,50-59
2443,EMP2444,40-49
2444,EMP2445,20-29
2445,EMP2446,30-39
2446,EMP2447,40-49
2447,EMP2448,50-59
2448,EMP2449,30-39
2449,EMP2450,40-49
2450,EMP2451,30-39
2451,EMP2452,50-59
2452,EMP2453,30-39
2453,EMP2454,50-59
2454,EMP2455,40-49
2455,EMP2456,20-29
2456,EMP2457,40-49
2457,EMP2458,40-49
2458,EMP2459,50-59
2459,EMP2460,50-59
2460,EMP2461,30-39
2461,EMP2462,40-49
2462,EMP2463,30-39
2463,EMP2464,30-39
2464,EMP2465,30-39
2465,EMP2466,50-59
2466,EMP2467,60-69
2467,EMP2468,50-59
2468,EMP2469,50-59
2469,EMP2470,40-49
2470,EMP2471,30-39
2471,EMP2472,40-49
2472,EMP2473,40-49
2473,EMP2474,50-59
2474,EMP2475,40-49
2475,EMP2476,30-39
2476,EMP2477,30-39
2477,EMP2478,40-49
2478,EMP2479,20-29
2479,EMP2480,50-59
2480,EMP2481,40-49
2481,EMP2482,50-59
2482,EMP2483,40-49
2483,EMP2484,20-29
2484,EMP2485,40-49
2485,EMP2486,50-59
2486,EMP2487,30-39
2487,EMP2488,40-49
2488,EMP2489,20-29
2489,EMP2490,40-49
2490,EMP2491,40-49
2491,EMP2492,40-49
2492,EMP2493,50-59
2493,EMP2494,40-49
2494,EMP2495,40-49
2495,EMP2496,30-39
2496,EMP2497,50-59
2497,EMP2498,40-49
2498,EMP2499,50-59
2499,EMP2500,50-59
2500,EMP2501,30-39
2501,EMP2502,50-59
2502,EMP2503,20-29
2503,EMP2504,50-59
2504,EMP2505,30-39
2505,EMP2506,40-49
2506,EMP2507,30-39
2507,EMP2508,50-59
2508,EMP2509,40-49
2509,EMP2510,20-29
2510,EMP2511,50-59
2511,EMP2512,20-29
2512,EMP2513,20-29
2513,EMP2514,20-29
2514,EMP2515,30-39
2515,EMP2516,20-29
2516,EMP2517,20-29
2517,EMP2518,50-59
2518,EMP2519,30-39
2519,EMP2520,40-49
2520,EMP2521,30-39
2521,EMP2522,30-39
2522,EMP2523,30-39
2523,EMP2524,50-59
2524,EMP2525,30-39
2525,EMP2526,20-29
2526,EMP2527,20-29
2527,EMP2528,50-59
2528,EMP2529,30-39
2529,EMP2530,40-49
2530,EMP2531,50-59
2531,EMP2532,30-39
2532,EMP2533,30-39
2533,EMP2534,40-49
2534,EMP2535,40-49
2535,EMP2536,50-59
2536,EMP2537,30-39
2537,EMP2538,50-59
2538,EMP2539,20-29
2539,EMP2540,40-49
2540,EMP2541,20-29
2541,EMP2542,20-29
2542,EMP2543,40-49
2543,EMP2544,50-59
2544,EMP2545,40-49
2545,EMP2546,50-59
2546,EMP2547,60-69
2547,EMP2548,20-29
2548,EMP2549,50-59
2549,EMP2550,40-49
2550,EMP2551,30-39
2551,EMP2552,30-39
2552,EMP2553,20-29
2553,EMP2554,20-29
2554,EMP2555,20-29
2555,EMP2556,30-39
2556,EMP2557,20-29
2557,EMP2558,30-39
2558,EMP2559,20-29
2559,EMP2560,30-39
2560,EMP2561,50-59
2561,EMP2562,40-49
2562,EMP2563,30-39
2563,EMP2564,40-49
2564,EMP2565,40-49
2565,EMP2566,40-49
2566,EMP2567,50-59
2567,EMP2568,30-39
2568,EMP2569,30-39
2569,EMP2570,50-59
2570,EMP2571,40-49
2571,EMP2572,40-49
2572,EMP2573,50-59
2573,EMP2574,50-59
2574,EMP2575,50-59
2575,EMP2576,20-29
2576,EMP2577,50-59
2577,EMP2578,20-29
2578,EMP2579,40-49
2579,EMP2580,40-49
2580,EMP2581,50-59
2581,EMP2582,50-59
2582,EMP2583,50-59
2583,EMP2584,20-29
2584,EMP2585,50-59
2585,EMP2586,40-49
2586,EMP2587,40-49
2587,EMP2588,40-49
2588,EMP2589,40-49
2589,EMP2590,60-69
2590,EMP2591,40-49
2591,EMP2592,30-39
2592,EMP2593,50-59
2593,EMP2594,50-59
2594,EMP2595,40-49
2595,EMP2596,40-49
2596,EMP2597,20-29
2597,EMP2598,40-49
2598,EMP2599,20-29
2599,EMP2600,50-59
2600,EMP2601,50-59
2601,EMP2602,30-39
2602,EMP2603,40-49
2603,EMP2604,40-49
2604,EMP2605,40-49
2605,EMP2606,20-29
2606,EMP2607,20-29
2607,EMP2608,30-39
2608,EMP2609,30-39
2609,EMP2610,20-29
2610,EMP2611,30-39
2611,EMP2612,30-39
2612,EMP2613,40-49
2613,EMP2614,40-49
2614,EMP2615,40-49
2615,EMP2616,50-59
2616,EMP2617,40-49
2617,EMP2618,50-59
2618,EMP2619,40-49
2619,EMP2620,20-29
2620,EMP2621,30-39
2621,EMP2622,20-29
2622,EMP2623,20-29
2623,EMP2624,40-49
2624,EMP2625,50-59
2625,EMP2626,50-59
2626,EMP2627,20-29
2627,EMP2628,50-59
2628,EMP2629,40-49
2629,EMP2630,50-59
2630,EMP2631,50-59
2631,EMP2632,40-49
2632,EMP2633,40-49
2633,EMP2634,50-59
2634,EMP2635,40-49
2635,EMP2636,40-49
2636,EMP2637,20-29
2637,EMP2638,40-49
2638,EMP2639,50-59
2639,EMP2640,20-29
2640,EMP2641,30-39
2641,EMP2642,30-39
2642,EMP2643,50-59
2643,EMP2644,20-29
2644,EMP2645,30-39
2645,EMP2646,30-39
2646,EMP2647,40-49
2647,EMP2648,50-59
2648,EMP2649,40-49
2649,EMP2650,50-59
2650,EMP2651,50-59
2651,EMP2652,50-59
2652,EMP2653,20-29
2653,EMP2654,50-59
2654,EMP2655,20-29
2655,EMP2656,30-39
2656,EMP2657,50-59
2657,EMP2658,30-39
2658,EMP2659,20-29
2659,EMP2660,50-59
2660,EMP2661,50-59
2661,EMP2662,40-49
2662,EMP2663,50-59
2663,EMP2664,30-39
2664,EMP2665,40-49
2665,EMP2666,30-39
2666,EMP2667,50-59
2667,EMP2668,30-39
2668,EMP2669,20-29
2669,EMP2670,40-49
2670,EMP2671,40-49
2671,EMP2672,30-39
2672,EMP2673,50-59
2673,EMP2674,20-29
2674,EMP2675,30-39
2675,EMP2676,50-59
2676,EMP2677,20-29
2677,EMP2678,40-49
2678,EMP2679,30-39
2679,EMP2680,20-29
2680,EMP2681,40-49
2681,EMP2682,20-29
2682,EMP2683,40-49
2683,EMP2684,50-59
2684,EMP2685,50-59
2685,EMP2686,40-49
2686,EMP2687,50-59
2687,EMP2688,40-49
2688,EMP2689,30-39
2689,EMP2690,50-59
2690,EMP2691,40-49
2691,EMP2692,50-59
2692,EMP2693,30-39
2693,EMP2694,50-59
2694,EMP2695,20-29
2695,EMP2696,30-39
2696,EMP2697,30-39
2697,EMP2698,40-49
2698,EMP2699,50-59
2699,EMP2700,50-59
2700,EMP2701,30-39
2701,EMP2702,50-59
2702,EMP2703,50-59
2703,EMP2704,50-59
2704,EMP2705,30-39
2705,EMP2706,50-59
2706,EMP2707,30-39
2707,EMP2708,30-39
2708,EMP2709,20-29
2709,EMP2710,30-39
2710,EMP2711,40-49
2711,EMP2712,20-29
2712,EMP2713,50-59
2713,EMP2714,50-59
2714,EMP2715,30-39
2715,EMP2716,40-49
2716,EMP2717,40-49
2717,EMP2718,40-49
2718,EMP2719,20-29
2719,EMP2720,30-39
2720,EMP2721,40-49
2721,EMP2722,30-39
2722,EMP2723,30-39
2723,EMP2724,40-49
2724,EMP2725,40-49
2725,EMP2726,20-29
2726,EMP2727,20-29
2727,EMP2728,20-29
2728,EMP2729,20-29
2729,EMP2730,20-29
2730,EMP2731,40-49
2731,EMP2732,30-39
2732,EMP2733,30-39
2733,EMP2734,40-49
2734,EMP2735,40-49
2735,EMP2736,50-59
2736,EMP2737,50-59
2737,EMP2738,30-39
2738,EMP2739,30-39
2739,EMP2740,40-49
2740,EMP2741,50-59
2741,EMP2742,40-49
2742,EMP2743,30-39
2743,EMP2744,30-39
2744,EMP2745,50-59
2745,EMP2746,20-29
2746,EMP2747,40-49
2747,EMP2748,40-49
2748,EMP2749,20-29
2749,EMP2750,20-29
2750,EMP2751,40-49
2751,EMP2752,30-39
2752,EMP2753,20-29
2753,EMP2754,30-39
2754,EMP2755,30-39
2755,EMP2756,50-59
2756,EMP2757,20-29
2757,EMP2758,20-29
2758,EMP2759,40-49
2759,EMP2760,40-49
2760,EMP2761,50-59
2761,EMP2762,40-49
2762,EMP2763,30-39
2763,EMP2764,40-49
2764,EMP2765,40-49
2765,EMP2766,30-39
2766,EMP2767,40-49
2767,EMP2768,20-29
2768,EMP2769,50-59
2769,EMP2770,20-29
2770,EMP2771,30-39
2771,EMP2772,20-29
2772,EMP2773,30-39
2773,EMP2774,40-49
2774,EMP2775,30-39
2775,EMP2776,20-29
2776,EMP2777,60-69
2777,EMP2778,20-29
2778,EMP2779,40-49
2779,EMP2780,40-49
2780,EMP2781,20-29
2781,EMP2782,40-49
2782,EMP2783,50-59
2783,EMP2784,30-39
2784,EMP2785,30-39
2785,EMP2786,20-29
2786,EMP2787,40-49
2787,EMP2788,50-59
2788,EMP2789,30-39
2789,EMP2790,50-59
2790,EMP2791,20-29
2791,EMP2792,30-39
2792,EMP2793,40-49
2793,EMP2794,60-69
2794,EMP2795,50-59
2795,EMP2796,20-29
2796,EMP2797,50-59
2797,EMP2798,30-39
2798,EMP2799,40-49
2799,EMP2800,30-39
2800,EMP2801,20-29
2801,EMP2802,30-39
2802,EMP2803,50-59
2803,EMP2804,30-39
2804,EMP2805,50-59
2805,EMP2806,50-59
2806,EMP2807,50-59
2807,EMP2808,50-59
2808,EMP2809,40-49
2809,EMP2810,30-39
2810,EMP2811,20-29
2811,EMP2812,30-39
2812,EMP2813,30-39
2813,EMP2814,20-29
2814,EMP2815,30-39
2815,EMP2816,30-39
2816,EMP2817,30-39
2817,EMP2818,40-49
2818,EMP2819,30-39
2819,EMP2820,30-39
2820,EMP2821,30-39
2821,EMP2822,20-29
2822,EMP2823,30-39
2823,EMP2824,40-49
2824,EMP2825,30-39
2825,EMP2826,30-39
2826,EMP2827,50-59
2827,EMP2828,50-59
2828,EMP2829,40-49
2829,EMP2830,20-29
2830,EMP2831,20-29
2831,EMP2832,40-49
2832,EMP2833,40-49
2833,EMP2834,50-59
2834,EMP2835,50-59
2835,EMP2836,20-29
2836,EMP2837,50-59
2837,EMP2838,40-49
2838,EMP2839,40-49
2839,EMP2840,50-59
2840,EMP2841,30-39
2841,EMP2842,50-59
2842,EMP2843,40-49
2843,EMP2844,40-49
2844,EMP2845,20-29
2845,EMP2846,30-39
2846,EMP2847,30-39
2847,EMP2848,20-29
2848,EMP2849,40-49
2849,EMP2850,50-59
2850,EMP2851,50-59
2851,EMP2852,60-69
2852,EMP2853,50-59
2853,EMP2854,30-39
2854,EMP2855,30-39
2855,EMP2856,50-59
2856,EMP2857,20-29
2857,EMP2858,30-39
2858,EMP2859,30-39
2859,EMP2860,60-69
2860,EMP2861,20-29
2861,EMP2862,20-29
2862,EMP2863,40-49
2863,EMP2864,40-49
2864,EMP2865,20-29
2865,EMP2866,20-29
2866,EMP2867,40-49
2867,EMP2868,50-59
2868,EMP2869,50-59
2869,EMP2870,40-49
2870,EMP2871,20-29
2871,EMP2872,30-39
2872,EMP2873,20-29
2873,EMP2874,30-39
2874,EMP2875,30-39
2875,EMP2876,30-39
2876,EMP2877,40-49
2877,EMP2878,20-29
2878,EMP2879,20-29
2879,EMP2880,40-49
2880,EMP2881,40-49
2881,EMP2882,50-59
2882,EMP2883,50-59
2883,EMP2884,30-39
2884,EMP2885,50-59
2885,EMP2886,30-39
2886,EMP2887,20-29
2887,EMP2888,50-59
2888,EMP2889,50-59
2889,EMP2890,40-49
2890,EMP2891,20-29
2891,EMP2892,20-29
2892,EMP2893,30-39
2893,EMP2894,20-29
2894,EMP2895,30-39
2895,EMP2896,50-59
2896,EMP2897,40-49
2897,EMP2898,40-49
2898,EMP2899,30-39
2899,EMP2900,20-29
2900,EMP2901,30-39
2901,EMP2902,20-29
2902,EMP2903,40-49
2903,EMP2904,30-39
2904,EMP2905,50-59
2905,EMP2906,40-49
2906,EMP2907,50-59
2907,EMP2908,50-59
2908,EMP2909,20-29
2909,EMP2910,50-59
2910,EMP2911,40-49
2911,EMP2912,20-29
2912,EMP2913,30-39
2913,EMP2914,50-59
2914,EMP2915,40-49
2915,EMP2916,50-59
2916,EMP2917,30-39
2917,EMP2918,60-69
2918,EMP2919,50-59
2919,EMP2920,20-29
2920,EMP2921,30-39
2921,EMP2922,50-59
2922,EMP2923,20-29
2923,EMP2924,50-59
2924,EMP2925,20-29
2925,EMP2926,40-49
2926,EMP2927,30-39
2927,EMP2928,30-39
2928,EMP2929,40-49
2929,EMP2930,20-29
2930,EMP2931,40-49
2931,EMP2932,30-39
2932,EMP2933,40-49
2933,EMP2934,30-39
2934,EMP2935,20-29
2935,EMP2936,20-29
2936,EMP2937,30-39
2937,EMP2938,30-39
2938,EMP2939,50-59
2939,EMP2940,20-29
2940,EMP2941,30-39
2941,EMP2942,40-49
2942,EMP2943,20-29
2943,EMP2944,50-59
2944,EMP2945,50-59
2945,EMP2946,20-29
2946,EMP2947,30-39
2947,EMP2948,30-39
2948,EMP2949,30-39
2949,EMP2950,60-69
2950,EMP2951,50-59
2951,EMP2952,30-39
2952,EMP2953,50-59
2953,EMP2954,40-49
2954,EMP2955,30-39
2955,EMP2956,20-29
2956,EMP2957,50-59
2957,EMP2958,40-49
2958,EMP2959,40-49
2959,EMP2960,30-39
2960,EMP2961,30-39
2961,EMP2962,40-49
2962,EMP2963,50-59
2963,EMP2964,20-29
2964,EMP2965,30-39
2965,EMP2966,20-29
2966,EMP2967,40-49
2967,EMP2968,30-39
2968,EMP2969,40-49
2969,EMP2970,30-39
2970,EMP2971,20-29
2971,EMP2972,50-59
2972,EMP2973,40-49
2973,EMP2974,40-49
2974,EMP2975,20-29
2975,EMP2976,50-59
2976,EMP2977,30-39
2977,EMP2978,40-49
2978,EMP2979,20-29
2979,EMP2980,20-29
2980,EMP2981,30-39
2981,EMP2982,40-49
2982,EMP2983,50-59
2983,EMP2984,40-49
2984,EMP2985,50-59
2985,EMP2986,30-39
2986,EMP2987,30-39
2987,EMP2988,30-39
2988,EMP2989,60-69
2989,EMP2990,40-49
2990,EMP2991,50-59
2991,EMP2992,40-49
2992,EMP2993,30-39
2993,EMP2994,50-59
2994,EMP2995,30-39
2995,EMP2996,50-59
2996,EMP2997,40-49
2997,EMP2998,20-29
2998,EMP2999,20-29
2999,EMP3000,30-39
3000,EMP3001,20-29
3001,EMP3002,30-39
3002,EMP3003,40-49
3003,EMP3004,40-49
3004,EMP3005,40-49
3005,EMP3006,40-49
3006,EMP3007,30-39
3007,EMP3008,30-39
3008,EMP3009,30-39
3009,EMP3010,40-49
3010,EMP3011,50-59
3011,EMP3012,20-29
3012,EMP3013,30-39
3013,EMP3014,40-49
3014,EMP3015,20-29
3015,EMP3016,30-39
3016,EMP3017,50-59
3017,EMP3018,50-59
3018,EMP3019,40-49
3019,EMP3020,50-59
3020,EMP3021,20-29
3021,EMP3022,50-59
3022,EMP3023,30-39
3023,EMP3024,30-39
3024,EMP3025,40-49
3025,EMP3026,30-39
3026,EMP3027,50-59
3027,EMP3028,50-59
3028,EMP3029,30-39
3029,EMP3030,50-59
3030,EMP3031,40-49
3031,EMP3032,40-49
3032,EMP3033,40-49
3033,EMP3034,20-29
3034,EMP3035,50-59
3035,EMP3036,30-39
3036,EMP3037,50-59
3037,EMP3038,50-59
3038,EMP3039,40-49
3039,EMP3040,30-39
3040,EMP3041,50-59
3041,EMP3042,50-59
3042,EMP3043,20-29
3043,EMP3044,20-29
3044,EMP3045,20-29
3045,EMP3046,50-59
3046,EMP3047,30-39
3047,EMP3048,50-59
3048,EMP3049,50-59
3049,EMP3050,30-39
3050,EMP3051,30-39
3051,EMP3052,40-49
3052,EMP3053,20-29
3053,EMP3054,40-49
3054,EMP3055,30-39
3055,EMP3056,50-59
3056,EMP3057,50-59
3057,EMP3058,40-49
3058,EMP3059,50-59
3059,EMP3060,30-39
3060,EMP3061,20-29
3061,EMP3062,40-49
3062,EMP3063,20-29
3063,EMP3064,30-39
3064,EMP3065,50-59
3065,EMP3066,30-39
3066,EMP3067,20-29
3067,EMP3068,30-39
3068,EMP3069,20-29
3069,EMP3070,20-29
3070,EMP3071,30-39
3071,EMP3072,40-49
3072,EMP3073,20-29
3073,EMP3074,50-59
3074,EMP3075,40-49
3075,EMP3076,20-29
3076,EMP3077,40-49
3077,EMP3078,40-49
3078,EMP3079,50-59
3079,EMP3080,30-39
3080,EMP3081,40-49
3081,EMP3082,30-39
3082,EMP3083,40-49
3083,EMP3084,40-49
3084,EMP3085,50-59
3085,EMP3086,50-59
3086,EMP3087,20-29
3087,EMP3088,40-49
3088,EMP3089,40-49
3089,EMP3090,40-49
3090,EMP3091,30-39
3091,EMP3092,50-59
3092,EMP3093,20-29
3093,EMP3094,40-49
3094,EMP3095,40-49
3095,EMP3096,30-39
3096,EMP3097,30-39
3097,EMP3098,40-49
3098,EMP3099,20-29
3099,EMP3100,40-49
3100,EMP3101,50-59
3101,EMP3102,50-59
3102,EMP3103,30-39
3103,EMP3104,30-39
3104,EMP3105,50-59
3105,EMP3106,40-49
3106,EMP3107,20-29
3107,EMP3108,20-29
3108,EMP3109,20-29
3109,EMP3110,30-39
3110,EMP3111,20-29
3111,EMP3112,20-29
3112,EMP3113,40-49
3113,EMP3114,20-29
3114,EMP3115,30-39
3115,EMP3116,30-39
3116,EMP3117,30-39
3117,EMP3118,40-49
3118,EMP3119,40-49
3119,EMP3120,40-49
3120,EMP3121,20-29
3121,EMP3122,40-49
3122,EMP3123,20-29
3123,EMP3124,20-29
3124,EMP3125,50-59
3125,EMP3126,30-39
3126,EMP3127,50-59
3127,EMP3128,40-49
3128,EMP3129,40-49
3129,EMP3130,50-59
3130,EMP3131,50-59
3131,EMP3132,30-39
3132,EMP3133,40-49
3133,EMP3134,50-59
3134,EMP3135,30-39
3135,EMP3136,40-49
3136,EMP3137,40-49
3137,EMP3138,50-59
3138,EMP3139,20-29
3139,EMP3140,40-49
3140,EMP3141,50-59
3141,EMP3142,30-39
3142,EMP3143,20-29
3143,EMP3144,30-39
3144,EMP3145,20-29
3145,EMP3146,40-49
3146,EMP3147,30-39
3147,EMP3148,30-39
3148,EMP3149,50-59
3149,EMP3150,30-39
3150,EMP3151,50-59
3151,EMP3152,30-39
3152,EMP3153,20-29
3153,EMP3154,50-59
3154,EMP3155,50-59
3155,EMP3156,20-29
3156,EMP3157,20-29
3157,EMP3158,20-29
3158,EMP3159,30-39
3159,EMP3160,30-39
3160,EMP3161,40-49
3161,EMP3162,20-29
3162,EMP3163,30-39
3163,EMP3164,40-49
3164,EMP3165,20-29
3165,EMP3166,40-49
3166,EMP3167,20-29
3167,EMP3168,50-59
3168,EMP3169,20-29
3169,EMP3170,50-59
3170,EMP3171,50-59
3171,EMP3172,20-29
3172,EMP3173,40-49
3173,EMP3174,30-39
3174,EMP3175,40-49
3175,EMP3176,40-49
3176,EMP3177,20-29
3177,EMP3178,20-29
3178,EMP3179,30-39
3179,EMP3180,20-29
3180,EMP3181,20-29
3181,EMP3182,50-59
3182,EMP3183,20-29
3183,EMP3184,40-49
3184,EMP3185,30-39
3185,EMP3186,30-39
3186,EMP3187,20-29
3187,EMP3188,30-39
3188,EMP3189,20-29
3189,EMP3190,20-29
3190,EMP3191,40-49
3191,EMP3192,60-69
3192,EMP3193,40-49
3193,EMP3194,30-39
3194,EMP3195,50-59
3195,EMP3196,50-59
3196,EMP3197,50-59
3197,EMP3198,50-59
3198,EMP3199,50-59
3199,EMP3200,40-49
3200,EMP3201,40-49
3201,EMP3202,30-39
3202,EMP3203,20-29
3203,EMP3204,20-29
3204,EMP3205,20-29
3205,EMP3206,30-39
3206,EMP3207,40-49
3207,EMP3208,50-59
3208,EMP3209,20-29
3209,EMP3210,30-39
3210,EMP3211,50-59
3211,EMP3212,30-39
3212,EMP3213,60-69
3213,EMP3214,50-59
3214,EMP3215,20-29
3215,EMP3216,30-39
3216,EMP3217,50-59
3217,EMP3218,30-39
3218,EMP3219,30-39
3219,EMP3220,30-39
3220,EMP3221,50-59
3221,EMP3222,20-29
3222,EMP3223,40-49
3223,EMP3224,20-29
3224,EMP3225,50-59
3225,EMP3226,20-29
3226,EMP3227,30-39
3227,EMP3228,40-49
3228,EMP3229,30-39
3229,EMP3230,30-39
3230,EMP3231,30-39
3231,EMP3232,20-29
3232,EMP3233,40-49
3233,EMP3234,50-59
3234,EMP3235,40-49
3235,EMP3236,40-49
3236,EMP3237,50-59
3237,EMP3238,40-49
3238,EMP3239,50-59
3239,EMP3240,30-39
3240,EMP3241,30-39
3241,EMP3242,50-59
3242,EMP3243,30-39
3243,EMP3244,50-59
3244,EMP3245,30-39
3245,EMP3246,50-59
3246,EMP3247,20-29
3247,EMP3248,40-49
3248,EMP3249,30-39
3249,EMP3250,30-39
3250,EMP3251,60-69
3251,EMP3252,30-39
3252,EMP3253,50-59
3253,EMP3254,50-59
3254,EMP3255,30-39
3255,EMP3256,30-39
3256,EMP3257,40-49
3257,EMP3258,40-49
3258,EMP3259,50-59
3259,EMP3260,50-59
3260,EMP3261,50-59
3261,EMP3262,40-49
3262,EMP3263,30-39
3263,EMP3264,40-49
3264,EMP3265,40-49
3265,EMP3266,60-69
3266,EMP3267,40-49
3267,EMP3268,40-49
3268,EMP3269,40-49
3269,EMP3270,60-69
3270,EMP3271,40-49
3271,EMP3272,50-59
3272,EMP3273,20-29
3273,EMP3274,20-29
3274,EMP3275,40-49
3275,EMP3276,30-39
3276,EMP3277,50-59
3277,EMP3278,50-59
3278,EMP3279,20-29
3279,EMP3280,40-49
3280,EMP3281,40-49
3281,EMP3282,40-49
3282,EMP3283,30-39
3283,EMP3284,30-39
3284,EMP3285,50-59
3285,EMP3286,50-59
3286,EMP3287,30-39
3287,EMP3288,50-59
3288,EMP3289,50-59
3289,EMP3290,30-39
3290,EMP3291,30-39
3291,EMP3292,30-39
3292,EMP3293,40-49
3293,EMP3294,30-39
3294,EMP3295,40-49
3295,EMP3296,50-59
3296,EMP3297,30-39
3297,EMP3298,30-39
3298,EMP3299,30-39
3299,EMP3300,50-59
3300,EMP3301,50-59
3301,EMP3302,40-49
3302,EMP3303,20-29
3303,EMP3304,30-39
3304,EMP3305,50-59
3305,EMP3306,50-59
3306,EMP3307,50-59
3307,EMP3308,40-49
3308,EMP3309,20-29
3309,EMP3310,20-29
3310,EMP3311,20-29
3311,EMP3312,30-39
3312,EMP3313,20-29
3313,EMP3314,50-59
3314,EMP3315,30-39
3315,EMP3316,50-59
3316,EMP3317,20-29
3317,EMP3318,50-59
3318,EMP3319,20-29
3319,EMP3320,30-39
3320,EMP3321,30-39
3321,EMP3322,50-59
3322,EMP3323,50-59
3323,EMP3324,60-69
3324,EMP3325,40-49
3325,EMP3326,30-39
3326,EMP3327,50-59
3327,EMP3328,40-49
3328,EMP3329,40-49
3329,EMP3330,20-29
3330,EMP3331,30-39
3331,EMP3332,30-39
3332,EMP3333,30-39
3333,EMP3334,50-59
3334,EMP3335,50-59
3335,EMP3336,30-39
3336,EMP3337,50-59
3337,EMP3338,20-29
3338,EMP3339,50-59
3339,EMP3340,20-29
3340,EMP3341,30-39
3341,EMP3342,50-59
3342,EMP3343,40-49
3343,EMP3344,40-49
3344,EMP3345,50-59
3345,EMP3346,30-39
3346,EMP3347,50-59
3347,EMP3348,40-49
3348,EMP3349,40-49
3349,EMP3350,20-29
3350,EMP3351,20-29
3351,EMP3352,40-49
3352,EMP3353,40-49
3353,EMP3354,50-59
3354,EMP3355,60-69
3355,EMP3356,30-39
3356,EMP3357,50-59
3357,EMP3358,50-59
3358,EMP3359,50-59
3359,EMP3360,40-49
3360,EMP3361,30-39
3361,EMP3362,20-29
3362,EMP3363,30-39
3363,EMP3364,40-49
3364,EMP3365,40-49
3365,EMP3366,30-39
3366,EMP3367,30-39
3367,EMP3368,40-49
3368,EMP3369,30-39
3369,EMP3370,30-39
3370,EMP3371,40-49
3371,EMP3372,20-29
3372,EMP3373,40-49
3373,EMP3374,30-39
3374,EMP3375,30-39
3375,EMP3376,50-59
3376,EMP3377,40-49
3377,EMP3378,40-49
3378,EMP3379,20-29
3379,EMP3380,40-49
3380,EMP3381,50-59
3381,EMP3382,50-59
3382,EMP3383,40-49
3383,EMP3384,40-49
3384,EMP3385,20-29
3385,EMP3386,50-59
3386,EMP3387,40-49
3387,EMP3388,40-49
3388,EMP3389,50-59
3389,EMP3390,40-49
3390,EMP3391,40-49
3391,EMP3392,40-49
3392,EMP3393,50-59
3393,EMP3394,50-59
3394,EMP3395,40-49
3395,EMP3396,30-39
3396,EMP3397,30-39
3397,EMP3398,20-29
3398,EMP3399,40-49
3399,EMP3400,30-39
3400,EMP3401,20-29
3401,EMP3402,40-49
3402,EMP3403,30-39
3403,EMP3404,20-29
3404,EMP3405,20-29
3405,EMP3406,20-29
3406,EMP3407,40-49
3407,EMP3408,40-49
3408,EMP3409,50-59
3409,EMP3410,50-59
3410,EMP3411,40-49
3411,EMP3412,40-49
3412,EMP3413,30-39
3413,EMP3414,30-39
3414,EMP3415,30-39
3415,EMP3416,30-39
3416,EMP3417,60-69
3417,EMP3418,20-29
3418,EMP3419,50-59
3419,EMP3420,30-39
3420,EMP3421,20-29
3421,EMP3422,50-59
3422,EMP3423,30-39
3423,EMP3424,40-49
3424,EMP3425,30-39
3425,EMP3426,50-59
3426,EMP3427,40-49
3427,EMP3428,40-49
3428,EMP3429,20-29
3429,EMP3430,50-59
3430,EMP3431,60-69
3431,EMP3432,20-29
3432,EMP3433,30-39
3433,EMP3434,40-49
3434,EMP3435,20-29
3435,EMP3436,40-49
3436,EMP3437,30-39
3437,EMP3438,20-29
3438,EMP3439,40-49
3439,EMP3440,30-39
3440,EMP3441,20-29
3441,EMP3442,20-29
3442,EMP3443,60-69
3443,EMP3444,20-29
3444,EMP3445,30-39
3445,EMP3446,30-39
3446,EMP3447,40-49
3447,EMP3448,50-59
3448,EMP3449,30-39
3449,EMP3450,30-39
3450,EMP3451,50-59
3451,EMP3452,40-49
3452,EMP3453,40-49
3453,EMP3454,20-29
3454,EMP3455,20-29
3455,EMP3456,40-49
3456,EMP3457,40-49
3457,EMP3458,30-39
3458,EMP3459,50-59
3459,EMP3460,20-29
3460,EMP3461,40-49
3461,EMP3462,20-29
3462,EMP3463,40-49
3463,EMP3464,20-29
3464,EMP3465,40-49
3465,EMP3466,50-59
3466,EMP3467,20-29
3467,EMP3468,40-49
3468,EMP3469,50-59
3469,EMP3470,20-29
3470,EMP3471,30-39
3471,EMP3472,50-59
3472,EMP3473,40-49
3473,EMP3474,60-69
3474,EMP3475,30-39
3475,EMP3476,50-59
3476,EMP3477,30-39
3477,EMP3478,30-39
3478,EMP3479,40-49
3479,EMP3480,30-39
3480,EMP3481,20-29
3481,EMP3482,40-49
3482,EMP3483,20-29
3483,EMP3484,40-49
3484,EMP3485,40-49
3485,EMP3486,30-39
3486,EMP3487,50-59
3487,EMP3488,50-59
3488,EMP3489,40-49
3489,EMP3490,50-59
3490,EMP3491,50-59
3491,EMP3492,50-59
3492,EMP3493,20-29
3493,EMP3494,20-29
3494,EMP3495,30-39
3495,EMP3496,30-39
3496,EMP3497,40-49
3497,EMP3498,40-49
3498,EMP3499,20-29
3499,EMP3500,40-49
3500,EMP3501,40-49
3501,EMP3502,40-49
3502,EMP3503,20-29
3503,EMP3504,50-59
3504,EMP3505,30-39
3505,EMP3506,30-39
3506,EMP3507,40-49
3507,EMP3508,50-59
3508,EMP3509,30-39
3509,EMP3510,30-39
3510,EMP3511,30-39
3511,EMP3512,40-49
3512,EMP3513,40-49
3513,EMP3514,30-39
3514,EMP3515,50-59
3515,EMP3516,30-39
3516,EMP3517,40-49
3517,EMP3518,40-49
3518,EMP3519,40-49
3519,EMP3520,50-59
3520,EMP3521,50-59
3521,EMP3522,40-49
3522,EMP3523,40-49
3523,EMP3524,30-39
3524,EMP3525,40-49
3525,EMP3526,40-49
3526,EMP3527,50-59
3527,EMP3528,20-29
3528,EMP3529,40-49
3529,EMP3530,40-49
3530,EMP3531,50-59
3531,EMP3532,40-49
3532,EMP3533,40-49
3533,EMP3534,50-59
3534,EMP3535,40-49
3535,EMP3536,40-49
3536,EMP3537,20-29
3537,EMP3538,40-49
3538,EMP3539,50-59
3539,EMP3540,40-49
3540,EMP3541,30-39
3541,EMP3542,50-59
3542,EMP3543,20-29
3543,EMP3544,40-49
3544,EMP3545,40-49
3545,EMP3546,40-49
3546,EMP3547,40-49
3547,EMP3548,50-59
3548,EMP3549,40-49
3549,EMP3550,30-39
3550,EMP3551,50-59
3551,EMP3552,30-39
3552,EMP3553,40-49
3553,EMP3554,50-59
3554,EMP3555,50-59
3555,EMP3556,50-59
3556,EMP3557,50-59
3557,EMP3558,40-49
3558,EMP3559,20-29
3559,EMP3560,40-49
3560,EMP3561,30-39
3561,EMP3562,50-59
3562,EMP3563,40-49
3563,EMP3564,30-39
3564,EMP3565,40-49
3565,EMP3566,30-39
3566,EMP3567,20-29
3567,EMP3568,30-39
3568,EMP3569,30-39
3569,EMP3570,50-59
3570,EMP3571,40-49
3571,EMP3572,50-59
3572,EMP3573,20-29
3573,EMP3574,20-29
3574,EMP3575,40-49
3575,EMP3576,50-59
3576,EMP3577,40-49
3577,EMP3578,20-29
3578,EMP3579,40-49
3579,EMP3580,50-59
3580,EMP3581,20-29
3581,EMP3582,20-29
3582,EMP3583,30-39
3583,EMP3584,50-59
3584,EMP3585,50-59
3585,EMP3586,50-59
3586,EMP3587,20-29
3587,EMP3588,40-49
3588,EMP3589,40-49
3589,EMP3590,20-29
3590,EMP3591,50-59
3591,EMP3592,20-29
3592,EMP3593,40-49
3593,EMP3594,20-29
3594,EMP3595,50-59
3595,EMP3596,50-59
3596,EMP3597,60-69
3597,EMP3598,30-39
3598,EMP3599,50-59
3599,EMP3600,30-39
3600,EMP3601,20-29
3601,EMP3602,20-29
3602,EMP3603,50-59
3603,EMP3604,40-49
3604,EMP3605,50-59
3605,EMP3606,30-39
3606,EMP3607,20-29
3607,EMP3608,40-49
3608,EMP3609,30-39
3609,EMP3610,40-49
3610,EMP3611,40-49
3611,EMP3612,30-39
3612,EMP3613,30-39
3613,EMP3614,30-39
3614,EMP3615,20-29
3615,EMP3616,50-59
3616,EMP3617,30-39
3617,EMP3618,40-49
3618,EMP3619,60-69
3619,EMP3620,50-59
3620,EMP3621,30-39
3621,EMP3622,30-39
3622,EMP3623,30-39
3623,EMP3624,30-39
3624,EMP3625,30-39
3625,EMP3626,20-29
3626,EMP3627,30-39
3627,EMP3628,20-29
3628,EMP3629,50-59
3629,EMP3630,40-49
3630,EMP3631,30-39
3631,EMP3632,20-29
3632,EMP3633,30-39
3633,EMP3634,50-59
3634,EMP3635,20-29
3635,EMP3636,40-49
3636,EMP3637,40-49
3637,EMP3638,50-59
3638,EMP3639,40-49
3639,EMP3640,40-49
3640,EMP3641,40-49
3641,EMP3642,30-39
3642,EMP3643,40-49
3643,EMP3644,50-59
3644,EMP3645,20-29
3645,EMP3646,30-39
3646,EMP3647,40-49
3647,EMP3648,50-59
3648,EMP3649,60-69
3649,EMP3650,50-59
3650,EMP3651,20-29
3651,EMP3652,20-29
3652,EMP3653,30-39
3653,EMP3654,50-59
3654,EMP3655,50-59
3655,EMP3656,20-29
3656,EMP3657,30-39
3657,EMP3658,30-39
3658,EMP3659,20-29
3659,EMP3660,50-59
3660,EMP3661,40-49
3661,EMP3662,30-39
3662,EMP3663,30-39
3663,EMP3664,20-29
3664,EMP3665,30-39
3665,EMP3666,50-59
3666,EMP3667,30-39
3667,EMP3668,40-49
3668,EMP3669,20-29
3669,EMP3670,40-49
3670,EMP3671,30-39
3671,EMP3672,40-49
3672,EMP3673,50-59
3673,EMP3674,60-69
3674,EMP3675,40-49
3675,EMP3676,50-59
3676,EMP3677,20-29
3677,EMP3678,50-59
3678,EMP3679,50-59
3679,EMP3680,40-49
3680,EMP3681,30-39
3681,EMP3682,50-59
3682,EMP3683,50-59
3683,EMP3684,30-39
3684,EMP3685,60-69
3685,EMP3686,30-39
3686,EMP3687,50-59
3687,EMP3688,20-29
3688,EMP3689,40-49
3689,EMP3690,50-59
3690,EMP3691,40-49
3691,EMP3692,20-29
3692,EMP3693,30-39
3693,EMP3694,40-49
3694,EMP3695,50-59
3695,EMP3696,50-59
3696,EMP3697,40-49
3697,EMP3698,40-49
3698,EMP3699,50-59
3699,EMP3700,50-59
3700,EMP3701,20-29
3701,EMP3702,40-49
3702,EMP3703,50-59
3703,EMP3704,20-29
3704,EMP3705,50-59
3705,EMP3706,50-59
3706,EMP3707,30-39
3707,EMP3708,40-49
3708,EMP3709,40-49
3709,EMP3710,30-39
3710,EMP3711,40-49
3711,EMP3712,40-49
3712,EMP3713,20-29
3713,EMP3714,40-49
3714,EMP3715,30-39
3715,EMP3716,30-39
3716,EMP3717,50-59
3717,EMP3718,60-69
3718,EMP3719,20-29
3719,EMP3720,30-39
3720,EMP3721,30-39
3721,EMP3722,40-49
3722,EMP3723,50-59
3723,EMP3724,30-39
3724,EMP3725,30-39
3725,EMP3726,20-29
3726,EMP3727,40-49
3727,EMP3728,40-49
3728,EMP3729,40-49
3729,EMP3730,20-29
3730,EMP3731,20-29
3731,EMP3732,20-29
3732,EMP3733,50-59
3733,EMP3734,20-29
3734,EMP3735,30-39
3735,EMP3736,50-59
3736,EMP3737,50-59
3737,EMP3738,20-29
3738,EMP3739,40-49
3739,EMP3740,40-49
3740,EMP3741,50-59
3741,EMP3742,20-29
3742,EMP3743,40-49
3743,EMP3744,20-29
3744,EMP3745,40-49
3745,EMP3746,40-49
3746,EMP3747,60-69
3747,EMP3748,60-69
3748,EMP3749,60-69
3749,EMP3750,50-59
3750,EMP3751,50-59
3751,EMP3752,40-49
3752,EMP3753,50-59
3753,EMP3754,40-49
3754,EMP3755,20-29
3755,EMP3756,40-49
3756,EMP3757,50-59
3757,EMP3758,30-39
3758,EMP3759,50-59
3759,EMP3760,40-49
3760,EMP3761,20-29
3761,EMP3762,30-39
3762,EMP3763,40-49
3763,EMP3764,30-39
3764,EMP3765,50-59
3765,EMP3766,40-49
3766,EMP3767,20-29
3767,EMP3768,40-49
3768,EMP3769,50-59
3769,EMP3770,40-49
3770,EMP3771,30-39
3771,EMP3772,50-59
3772,EMP3773,40-49
3773,EMP3774,20-29
3774,EMP3775,40-49
3775,EMP3776,40-49
3776,EMP3777,20-29
3777,EMP3778,50-59
3778,EMP3779,20-29
3779,EMP3780,50-59
3780,EMP3781,30-39
3781,EMP3782,60-69
3782,EMP3783,30-39
3783,EMP3784,20-29
3784,EMP3785,50-59
3785,EMP3786,40-49
3786,EMP3787,30-39
3787,EMP3788,20-29
3788,EMP3789,20-29
3789,EMP3790,50-59
3790,EMP3791,30-39
3791,EMP3792,30-39
3792,EMP3793,20-29
3793,EMP3794,40-49
3794,EMP3795,50-59
3795,EMP3796,40-49
3796,EMP3797,40-49
3797,EMP3798,40-49
3798,EMP3799,40-49
3799,EMP3800,40-49
3800,EMP3801,50-59
3801,EMP3802,30-39
3802,EMP3803,30-39
3803,EMP3804,20-29
3804,EMP3805,40-49
3805,EMP3806,50-59
3806,EMP3807,30-39
3807,EMP3808,20-29
3808,EMP3809,30-39
3809,EMP3810,50-59
3810,EMP3811,30-39
3811,EMP3812,40-49
3812,EMP3813,60-69
3813,EMP3814,50-59
3814,EMP3815,30-39
3815,EMP3816,50-59
3816,EMP3817,40-49
3817,EMP3818,50-59
3818,EMP3819,40-49
3819,EMP3820,50-59
3820,EMP3821,20-29
3821,EMP3822,30-39
3822,EMP3823,20-29
3823,EMP3824,40-49
3824,EMP3825,20-29
3825,EMP3826,30-39
3826,EMP3827,30-39
3827,EMP3828,30-39
3828,EMP3829,40-49
3829,EMP3830,20-29
3830,EMP3831,20-29
3831,EMP3832,50-59
3832,EMP3833,40-49
3833,EMP3834,50-59
3834,EMP3835,60-69
3835,EMP3836,40-49
3836,EMP3837,50-59
3837,EMP3838,40-49
3838,EMP3839,40-49
3839,EMP3840,20-29
3840,EMP3841,30-39
3841,EMP3842,50-59
3842,EMP3843,50-59
3843,EMP3844,40-49
3844,EMP3845,20-29
3845,EMP3846,50-59
3846,EMP3847,40-49
3847,EMP3848,20-29
3848,EMP3849,40-49
3849,EMP3850,40-49
3850,EMP3851,30-39
3851,EMP3852,40-49
3852,EMP3853,40-49
3853,EMP3854,50-59
3854,EMP3855,40-49
3855,EMP3856,30-39
3856,EMP3857,30-39
3857,EMP3858,50-59
3858,EMP3859,40-49
3859,EMP3860,40-49
3860,EMP3861,30-39
3861,EMP3862,20-29
3862,EMP3863,30-39
3863,EMP3864,50-59
3864,EMP3865,50-59
3865,EMP3866,50-59
3866,EMP3867,50-59
3867,EMP3868,30-39
3868,EMP3869,20-29
3869,EMP3870,40-49
3870,EMP3871,40-49
3871,EMP3872,20-29
3872,EMP3873,40-49
3873,EMP3874,50-59
3874,EMP3875,20-29
3875,EMP3876,20-29
3876,EMP3877,40-49
3877,EMP3878,40-49
3878,EMP3879,50-59
3879,EMP3880,30-39
3880,EMP3881,20-29
3881,EMP3882,20-29
3882,EMP3883,50-59
3883,EMP3884,30-39
3884,EMP3885,20-29
3885,EMP3886,20-29
3886,EMP3887,40-49
3887,EMP3888,40-49
3888,EMP3889,20-29
3889,EMP3890,30-39
3890,EMP3891,50-59
3891,EMP3892,40-49
3892,EMP3893,50-59
3893,EMP3894,50-59
3894,EMP3895,50-59
3895,EMP3896,20-29
3896,EMP3897,20-29
3897,EMP3898,50-59
3898,EMP3899,50-59
3899,EMP3900,50-59
3900,EMP3901,50-59
3901,EMP3902,40-49
3902,EMP3903,20-29
3903,EMP3904,50-59
3904,EMP3905,40-49
3905,EMP3906,30-39
3906,EMP3907,50-59
3907,EMP3908,30-39
3908,EMP3909,50-59
3909,EMP3910,50-59
3910,EMP3911,50-59
3911,EMP3912,30-39
3912,EMP3913,50-59
3913,EMP3914,50-59
3914,EMP3915,20-29
3915,EMP3916,50-59
3916,EMP3917,30-39
3917,EMP3918,30-39
3918,EMP3919,50-59
3919,EMP3920,50-59
3920,EMP3921,40-49
3921,EMP3922,30-39
3922,EMP3923,40-49
3923,EMP3924,30-39
3924,EMP3925,20-29
3925,EMP3926,40-49
3926,EMP3927,40-49
3927,EMP3928,20-29
3928,EMP3929,30-39
3929,EMP3930,20-29
3930,EMP3931,20-29
3931,EMP3932,20-29
3932,EMP3933,50-59
3933,EMP3934,20-29
3934,EMP3935,30-39
3935,EMP3936,40-49
3936,EMP3937,30-39
3937,EMP3938,50-59
3938,EMP3939,30-39
3939,EMP3940,20-29
3940,EMP3941,40-49
3941,EMP3942,50-59
3942,EMP3943,40-49
3943,EMP3944,40-49
3944,EMP3945,50-59
3945,EMP3946,40-49
3946,EMP3947,30-39
3947,EMP3948,50-59
3948,EMP3949,50-59
3949,EMP3950,50-59
3950,EMP3951,40-49
3951,EMP3952,20-29
3952,EMP3953,40-49
3953,EMP3954,50-59
3954,EMP3955,40-49
3955,EMP3956,50-59
3956,EMP3957,30-39
3957,EMP3958,50-59
3958,EMP3959,20-29
3959,EMP3960,40-49
3960,EMP3961,30-39
3961,EMP3962,30-39
3962,EMP3963,60-69
3963,EMP3964,20-29
3964,EMP3965,50-59
3965,EMP3966,40-49
3966,EMP3967,50-59
3967,EMP3968,30-39
3968,EMP3969,50-59
3969,EMP3970,50-59
3970,EMP3971,20-29
3971,EMP3972,50-59
3972,EMP3973,20-29
3973,EMP3974,30-39
3974,EMP3975,60-69
3975,EMP3976,20-29
3976,EMP3977,40-49
3977,EMP3978,20-29
3978,EMP3979,40-49
3979,EMP3980,50-59
3980,EMP3981,40-49
3981,EMP3982,30-39
3982,EMP3983,40-49
3983,EMP3984,40-49
3984,EMP3985,40-49
3985,EMP3986,40-49
3986,EMP3987,30-39
3987,EMP3988,20-29
3988,EMP3989,50-59
3989,EMP3990,30-39
3990,EMP3991,40-49
3991,EMP3992,30-39
3992,EMP3993,40-49
3993,EMP3994,30-39
3994,EMP3995,20-29
3995,EMP3996,50-59
3996,EMP3997,50-59
3997,EMP3998,40-49
3998,EMP3999,20-29
3999,EMP4000,20-29
4000,EMP4001,30-39
4001,EMP4002,30-39
4002,EMP4003,20-29
4003,EMP4004,40-49
4004,EMP4005,30-39
4005,EMP4006,40-49
4006,EMP4007,40-49
4007,EMP4008,40-49
4008,EMP4009,30-39
4009,EMP4010,20-29
4010,EMP4011,20-29
4011,EMP4012,40-49
4012,EMP4013,30-39
4013,EMP4014,30-39
4014,EMP4015,50-59
4015,EMP4016,50-59
4016,EMP4017,20-29
4017,EMP4018,50-59
4018,EMP4019,20-29
4019,EMP4020,20-29
4020,EMP4021,40-49
4021,EMP4022,50-59
4022,EMP4023,50-59
4023,EMP4024,30-39
4024,EMP4025,50-59
4025,EMP4026,50-59
4026,EMP4027,40-49
4027,EMP4028,50-59
4028,EMP4029,20-29
4029,EMP4030,50-59
4030,EMP4031,30-39
4031,EMP4032,40-49
4032,EMP4033,30-39
4033,EMP4034,20-29
4034,EMP4035,40-49
4035,EMP4036,40-49
4036,EMP4037,50-59
4037,EMP4038,20-29
4038,EMP4039,30-39
4039,EMP4040,30-39
4040,EMP4041,50-59
4041,EMP4042,30-39
4042,EMP4043,30-39
4043,EMP4044,20-29
4044,EMP4045,40-49
4045,EMP4046,50-59
4046,EMP4047,30-39
4047,EMP4048,50-59
4048,EMP4049,30-39
4049,EMP4050,30-39
4050,EMP4051,30-39
4051,EMP4052,40-49
4052,EMP4053,50-59
4053,EMP4054,40-49
4054,EMP4055,20-29
4055,EMP4056,20-29
4056,EMP4057,50-59
4057,EMP4058,40-49
4058,EMP4059,40-49
4059,EMP4060,40-49
4060,EMP4061,30-39
4061,EMP4062,50-59
4062,EMP4063,20-29
4063,EMP4064,30-39
4064,EMP4065,30-39
4065,EMP4066,50-59
4066,EMP4067,20-29
4067,EMP4068,40-49
4068,EMP4069,50-59
4069,EMP4070,40-49
4070,EMP4071,40-49
4071,EMP4072,30-39
4072,EMP4073,20-29
4073,EMP4074,30-39
4074,EMP4075,50-59
4075,EMP4076,50-59
4076,EMP4077,40-49
4077,EMP4078,50-59
4078,EMP4079,30-39
4079,EMP4080,50-59
4080,EMP4081,40-49
4081,EMP4082,40-49
4082,EMP4083,20-29
4083,EMP4084,50-59
4084,EMP4085,20-29
4085,EMP4086,50-59
4086,EMP4087,30-39
4087,EMP4088,30-39
4088,EMP4089,40-49
4089,EMP4090,50-59
4090,EMP4091,50-59
4091,EMP4092,50-59
4092,EMP4093,20-29
4093,EMP4094,40-49
4094,EMP4095,30-39
4095,EMP4096,30-39
4096,EMP4097,20-29
4097,EMP4098,20-29
4098,EMP4099,50-59
4099,EMP4100,30-39
4100,EMP4101,50-59
4101,EMP4102,40-49
4102,EMP4103,50-59
4103,EMP4104,50-59
4104,EMP4105,30-39
4105,EMP4106,50-59
4106,EMP4107,30-39
4107,EMP4108,20-29
4108,EMP4109,30-39
4109,EMP4110,40-49
4110,EMP4111,50-59
4111,EMP4112,50-59
4112,EMP4113,20-29
4113,EMP4114,50-59
4114,EMP4115,40-49
4115,EMP4116,40-49
4116,EMP4117,20-29
4117,EMP4118,40-49
4118,EMP4119,40-49
4119,EMP4120,40-49
4120,EMP4121,30-39
4121,EMP4122,20-29
4122,EMP4123,40-49
4123,EMP4124,20-29
4124,EMP4125,20-29
4125,EMP4126,30-39
4126,EMP4127,30-39
4127,EMP4128,30-39
4128,EMP4129,50-59
4129,EMP4130,40-49
4130,EMP4131,40-49
4131,EMP4132,50-59
4132,EMP4133,50-59
4133,EMP4134,50-59
4134,EMP4135,20-29
4135,EMP4136,50-59
4136,EMP4137,40-49
4137,EMP4138,40-49
4138,EMP4139,30-39
4139,EMP4140,40-49
4140,EMP4141,40-49
4141,EMP4142,30-39
4142,EMP4143,50-59
4143,EMP4144,30-39
4144,EMP4145,40-49
4145,EMP4146,40-49
4146,EMP4147,40-49
4147,EMP4148,20-29
4148,EMP4149,30-39
4149,EMP4150,20-29
4150,EMP4151,30-39
4151,EMP4152,40-49
4152,EMP4153,50-59
4153,EMP4154,20-29
4154,EMP4155,30-39
4155,EMP4156,30-39
4156,EMP4157,50-59
4157,EMP4158,20-29
4158,EMP4159,20-29
4159,EMP4160,30-39
4160,EMP4161,30-39
4161,EMP4162,40-49
4162,EMP4163,40-49
4163,EMP4164,50-59
4164,EMP4165,30-39
4165,EMP4166,40-49
4166,EMP4167,50-59
4167,EMP4168,30-39
4168,EMP4169,40-49
4169,EMP4170,30-39
4170,EMP4171,50-59
4171,EMP4172,50-59
4172,EMP4173,50-59
4173,EMP4174,40-49
4174,EMP4175,40-49
4175,EMP4176,50-59
4176,EMP4177,40-49
4177,EMP4178,20-29
4178,EMP4179,40-49
4179,EMP4180,40-49
4180,EMP4181,50-59
4181,EMP4182,20-29
4182,EMP4183,30-39
4183,EMP4184,40-49
4184,EMP4185,50-59
4185,EMP4186,30-39
4186,EMP4187,30-39
4187,EMP4188,30-39
4188,EMP4189,20-29
4189,EMP4190,20-29
4190,EMP4191,40-49
4191,EMP4192,50-59
4192,EMP4193,50-59
4193,EMP4194,30-39
4194,EMP4195,40-49
4195,EMP4196,50-59
4196,EMP4197,40-49
4197,EMP4198,50-59
4198,EMP4199,30-39
4199,EMP4200,50-59
4200,EMP4201,40-49
4201,EMP4202,50-59
4202,EMP4203,50-59
4203,EMP4204,20-29
4204,EMP4205,20-29
4205,EMP4206,40-49
4206,EMP4207,30-39
4207,EMP4208,20-29
4208,EMP4209,40-49
4209,EMP4210,40-49
4210,EMP4211,30-39
4211,EMP4212,30-39
4212,EMP4213,40-49
4213,EMP4214,40-49
4214,EMP4215,50-59
4215,EMP4216,60-69
4216,EMP4217,50-59
4217,EMP4218,30-39
4218,EMP4219,30-39
4219,EMP4220,40-49
4220,EMP4221,50-59
4221,EMP4222,40-49
4222,EMP4223,50-59
4223,EMP4224,40-49
4224,EMP4225,20-29
4225,EMP4226,30-39
4226,EMP4227,20-29
4227,EMP4228,40-49
4228,EMP4229,30-39
4229,EMP4230,50-59
4230,EMP4231,50-59
4231,EMP4232,50-59
4232,EMP4233,40-49
4233,EMP4234,20-29
4234,EMP4235,30-39
4235,EMP4236,50-59
4236,EMP4237,30-39
4237,EMP4238,60-69
4238,EMP4239,40-49
4239,EMP4240,40-49
4240,EMP4241,30-39
4241,EMP4242,50-59
4242,EMP4243,20-29
4243,EMP4244,30-39
4244,EMP4245,20-29
4245,EMP4246,20-29
4246,EMP4247,40-49
4247,EMP4248,20-29
4248,EMP4249,30-39
4249,EMP4250,40-49
4250,EMP4251,30-39
4251,EMP4252,50-59
4252,EMP4253,40-49
4253,EMP4254,50-59
4254,EMP4255,50-59
4255,EMP4256,20-29
4256,EMP4257,50-59
4257,EMP4258,20-29
4258,EMP4259,20-29
4259,EMP4260,20-29
4260,EMP4261,50-59
4261,EMP4262,30-39
4262,EMP4263,30-39
4263,EMP4264,40-49
4264,EMP4265,20-29
4265,EMP4266,40-49
4266,EMP4267,20-29
4267,EMP4268,50-59
4268,EMP4269,40-49
4269,EMP4270,50-59
4270,EMP4271,30-39
4271,EMP4272,50-59
4272,EMP4273,20-29
4273,EMP4274,50-59
4274,EMP4275,20-29
4275,EMP4276,20-29
4276,EMP4277,30-39
4277,EMP4278,50-59
4278,EMP4279,30-39
4279,EMP4280,40-49
4280,EMP4281,40-49
4281,EMP4282,20-29
4282,EMP4283,20-29
4283,EMP4284,30-39
4284,EMP4285,60-69
4285,EMP4286,20-29
4286,EMP4287,20-29
4287,EMP4288,30-39
4288,EMP4289,50-59
4289,EMP4290,30-39
4290,EMP4291,50-59
4291,EMP4292,50-59
4292,EMP4293,30-39
4293,EMP4294,20-29
4294,EMP4295,20-29
4295,EMP4296,40-49
4296,EMP4297,20-29
4297,EMP4298,30-39
4298,EMP4299,30-39
4299,EMP4300,20-29
4300,EMP4301,30-39
4301,EMP4302,20-29
4302,EMP4303,40-49
4303,EMP4304,30-39
4304,EMP4305,20-29
4305,EMP4306,40-49
4306,EMP4307,50-59
4307,EMP4308,50-59
4308,EMP4309,50-59
4309,EMP4310,40-49
4310,EMP4311,30-39
4311,EMP4312,40-49
4312,EMP4313,20-29
4313,EMP4314,20-29
4314,EMP4315,40-49
4315,EMP4316,30-39
4316,EMP4317,20-29
4317,EMP4318,30-39
4318,EMP4319,50-59
4319,EMP4320,50-59
4320,EMP4321,50-59
4321,EMP4322,40-49
4322,EMP4323,50-59
4323,EMP4324,40-49
4324,EMP4325,20-29
4325,EMP4326,30-39
4326,EMP4327,40-49
4327,EMP4328,20-29
4328,EMP4329,50-59
4329,EMP4330,30-39
4330,EMP4331,50-59
4331,EMP4332,50-59
4332,EMP4333,30-39
4333,EMP4334,20-29
4334,EMP4335,50-59
4335,EMP4336,40-49
4336,EMP4337,40-49
4337,EMP4338,50-59
4338,EMP4339,50-59
4339,EMP4340,40-49
4340,EMP4341,50-59
4341,EMP4342,40-49
4342,EMP4343,50-59
4343,EMP4344,30-39
4344,EMP4345,30-39
4345,EMP4346,50-59
4346,EMP4347,30-39
4347,EMP4348,40-49
4348,EMP4349,40-49
4349,EMP4350,60-69
4350,EMP4351,30-39
4351,EMP4352,50-59
4352,EMP4353,30-39
4353,EMP4354,50-59
4354,EMP4355,40-49
4355,EMP4356,20-29
4356,EMP4357,50-59
4357,EMP4358,50-59
4358,EMP4359,30-39
4359,EMP4360,30-39
4360,EMP4361,20-29
4361,EMP4362,40-49
4362,EMP4363,50-59
4363,EMP4364,30-39
4364,EMP4365,20-29
4365,EMP4366,20-29
4366,EMP4367,30-39
4367,EMP4368,50-59
4368,EMP4369,50-59
4369,EMP4370,30-39
4370,EMP4371,50-59
4371,EMP4372,50-59
4372,EMP4373,20-29
4373,EMP4374,20-29
4374,EMP4375,20-29
4375,EMP4376,30-39
4376,EMP4377,30-39
4377,EMP4378,50-59
4378,EMP4379,40-49
4379,EMP4380,40-49
4380,EMP4381,40-49
4381,EMP4382,20-29
4382,EMP4383,20-29
4383,EMP4384,30-39
4384,EMP4385,50-59
4385,EMP4386,30-39
4386,EMP4387,30-39
4387,EMP4388,50-59
4388,EMP4389,20-29
4389,EMP4390,20-29
4390,EMP4391,40-49
4391,EMP4392,30-39
4392,EMP4393,20-29
4393,EMP4394,40-49
4394,EMP4395,50-59
4395,EMP4396,20-29
4396,EMP4397,30-39
4397,EMP4398,20-29
4398,EMP4399,20-29
4399,EMP4400,20-29
4400,EMP4401,30-39
4401,EMP4402,40-49
4402,EMP4403,40-49
4403,EMP4404,50-59
4404,EMP4405,40-49
4405,EMP4406,20-29
4406,EMP4407,20-29
4407,EMP4408,50-59
4408,EMP4409,40-49
4409,EMP4410,30-39
4410,EMP4411,20-29
4411,EMP4412,30-39
4412,EMP4413,60-69
4413,EMP4414,40-49
4414,EMP4415,40-49
4415,EMP4416,40-49
4416,EMP4417,40-49
4417,EMP4418,30-39
4418,EMP4419,30-39
4419,EMP4420,50-59
4420,EMP4421,50-59
4421,EMP4422,40-49
4422,EMP4423,20-29
4423,EMP4424,20-29
4424,EMP4425,30-39
4425,EMP4426,40-49
4426,EMP4427,20-29
4427,EMP4428,50-59
4428,EMP4429,20-29
4429,EMP4430,20-29
4430,EMP4431,40-49
4431,EMP4432,50-59
4432,EMP4433,30-39
4433,EMP4434,40-49
4434,EMP4435,30-39
4435,EMP4436,50-59
4436,EMP4437,30-39
4437,EMP4438,50-59
4438,EMP4439,40-49
4439,EMP4440,30-39
4440,EMP4441,50-59
4441,EMP4442,20-29
4442,EMP4443,30-39
4443,EMP4444,20-29
4444,EMP4445,50-59
4445,EMP4446,50-59
4446,EMP4447,50-59
4447,EMP4448,30-39
4448,EMP4449,40-49
4449,EMP4450,40-49
4450,EMP4451,30-39
4451,EMP4452,30-39
4452,EMP4453,30-39
4453,EMP4454,20-29
4454,EMP4455,30-39
4455,EMP4456,50-59
4456,EMP4457,40-49
4457,EMP4458,40-49
4458,EMP4459,50-59
4459,EMP4460,30-39
4460,EMP4461,30-39
4461,EMP4462,20-29
4462,EMP4463,40-49
4463,EMP4464,50-59
4464,EMP4465,50-59
4465,EMP4466,50-59
4466,EMP4467,50-59
4467,EMP4468,30-39
4468,EMP4469,20-29
4469,EMP4470,60-69
4470,EMP4471,40-49
4471,EMP4472,50-59
4472,EMP4473,50-59
4473,EMP4474,20-29
4474,EMP4475,50-59
4475,EMP4476,20-29
4476,EMP4477,40-49
4477,EMP4478,40-49
4478,EMP4479,30-39
4479,EMP4480,20-29
4480,EMP4481,30-39
4481,EMP4482,60-69
4482,EMP4483,20-29
4483,EMP4484,30-39
4484,EMP4485,50-59
4485,EMP4486,50-59
4486,EMP4487,30-39
4487,EMP4488,30-39
4488,EMP4489,20-29
4489,EMP4490,40-49
4490,EMP4491,20-29
4491,EMP4492,40-49
4492,EMP4493,50-59
4493,EMP4494,50-59
4494,EMP4495,30-39
4495,EMP4496,30-39
4496,EMP4497,50-59
4497,EMP4498,40-49
4498,EMP4499,20-29
4499,EMP4500,20-29
4500,EMP4501,50-59
4501,EMP4502,30-39
4502,EMP4503,60-69
4503,EMP4504,50-59
4504,EMP4505,30-39
4505,EMP4506,40-49
4506,EMP4507,40-49
4507,EMP4508,40-49
4508,EMP4509,20-29
4509,EMP4510,40-49
4510,EMP4511,50-59
4511,EMP4512,20-29
4512,EMP4513,50-59
4513,EMP4514,40-49
4514,EMP4515,20-29
4515,EMP4516,60-69
4516,EMP4517,50-59
4517,EMP4518,20-29
4518,EMP4519,20-29
4519,EMP4520,50-59
4520,EMP4521,20-29
4521,EMP4522,30-39
4522,EMP4523,50-59
4523,EMP4524,20-29
4524,EMP4525,40-49
4525,EMP4526,50-59
4526,EMP4527,50-59
4527,EMP4528,20-29
4528,EMP4529,40-49
4529,EMP4530,40-49
4530,EMP4531,30-39
4531,EMP4532,40-49
4532,EMP4533,50-59
4533,EMP4534,50-59
4534,EMP4535,50-59
4535,EMP4536,20-29
4536,EMP4537,30-39
4537,EMP4538,40-49
4538,EMP4539,30-39
4539,EMP4540,30-39
4540,EMP4541,50-59
4541,EMP4542,30-39
4542,EMP4543,50-59
4543,EMP4544,50-59
4544,EMP4545,30-39
4545,EMP4546,50-59
4546,EMP4547,60-69
4547,EMP4548,40-49
4548,EMP4549,30-39
4549,EMP4550,40-49
4550,EMP4551,30-39
4551,EMP4552,50-59
4552,EMP4553,40-49
4553,EMP4554,50-59
4554,EMP4555,40-49
4555,EMP4556,50-59
4556,EMP4557,20-29
4557,EMP4558,20-29
4558,EMP4559,40-49
4559,EMP4560,40-49
4560,EMP4561,50-59
4561,EMP4562,30-39
4562,EMP4563,30-39
4563,EMP4564,20-29
4564,EMP4565,40-49
4565,EMP4566,30-39
4566,EMP4567,40-49
4567,EMP4568,30-39
4568,EMP4569,20-29
4569,EMP4570,40-49
4570,EMP4571,50-59
4571,EMP4572,40-49
4572,EMP4573,50-59
4573,EMP4574,50-59
4574,EMP4575,30-39
4575,EMP4576,50-59
4576,EMP4577,20-29
4577,EMP4578,30-39
4578,EMP4579,40-49
4579,EMP4580,30-39
4580,EMP4581,40-49
4581,EMP4582,50-59
4582,EMP4583,20-29
4583,EMP4584,30-39
4584,EMP4585,40-49
4585,EMP4586,40-49
4586,EMP4587,20-29
4587,EMP4588,30-39
4588,EMP4589,30-39
4589,EMP4590,20-29
4590,EMP4591,30-39
4591,EMP4592,50-59
4592,EMP4593,20-29
4593,EMP4594,20-29
4594,EMP4595,30-39
4595,EMP4596,30-39
4596,EMP4597,20-29
4597,EMP4598,50-59
4598,EMP4599,30-39
4599,EMP4600,40-49
4600,EMP4601,30-39
4601,EMP4602,20-29
4602,EMP4603,30-39
4603,EMP4604,40-49
4604,EMP4605,50-59
4605,EMP4606,40-49
4606,EMP4607,40-49
4607,EMP4608,50-59
4608,EMP4609,40-49
4609,EMP4610,40-49
4610,EMP4611,20-29
4611,EMP4612,50-59
4612,EMP4613,20-29
4613,EMP4614,50-59
4614,EMP4615,20-29
4615,EMP4616,50-59
4616,EMP4617,40-49
4617,EMP4618,50-59
4618,EMP4619,50-59
4619,EMP4620,30-39
4620,EMP4621,20-29
4621,EMP4622,20-29
4622,EMP4623,40-49
4623,EMP4624,50-59
4624,EMP4625,50-59
4625,EMP4626,20-29
4626,EMP4627,60-69
4627,EMP4628,30-39
4628,EMP4629,30-39
4629,EMP4630,20-29
4630,EMP4631,40-49
4631,EMP4632,20-29
4632,EMP4633,50-59
4633,EMP4634,40-49
4634,EMP4635,50-59
4635,EMP4636,40-49
4636,EMP4637,40-49
4637,EMP4638,20-29
4638,EMP4639,30-39
4639,EMP4640,50-59
4640,EMP4641,40-49
4641,EMP4642,20-29
4642,EMP4643,20-29
4643,EMP4644,20-29
4644,EMP4645,50-59
4645,EMP4646,50-59
4646,EMP4647,30-39
4647,EMP4648,20-29
4648,EMP4649,40-49
4649,EMP4650,20-29
4650,EMP4651,20-29
4651,EMP4652,50-59
4652,EMP4653,40-49
4653,EMP4654,20-29
4654,EMP4655,40-49
4655,EMP4656,30-39
4656,EMP4657,50-59
4657,EMP4658,20-29
4658,EMP4659,40-49
4659,EMP4660,30-39
4660,EMP4661,40-49
4661,EMP4662,30-39
4662,EMP4663,30-39
4663,EMP4664,50-59
4664,EMP4665,40-49
4665,EMP4666,40-49
4666,EMP4667,50-59
4667,EMP4668,50-59
4668,EMP4669,20-29
4669,EMP4670,40-49
4670,EMP4671,40-49
4671,EMP4672,50-59
4672,EMP4673,30-39
4673,EMP4674,40-49
4674,EMP4675,20-29
4675,EMP4676,50-59
4676,EMP4677,20-29
4677,EMP4678,30-39
4678,EMP4679,50-59
4679,EMP4680,40-49
4680,EMP4681,50-59
4681,EMP4682,20-29
4682,EMP4683,30-39
4683,EMP4684,20-29
4684,EMP4685,50-59
4685,EMP4686,50-59
4686,EMP4687,40-49
4687,EMP4688,20-29
4688,EMP4689,30-39
4689,EMP4690,40-49
4690,EMP4691,50-59
4691,EMP4692,30-39
4692,EMP4693,50-59
4693,EMP4694,30-39
4694,EMP4695,30-39
4695,EMP4696,30-39
4696,EMP4697,30-39
4697,EMP4698,40-49
4698,EMP4699,50-59
4699,EMP4700,50-59
4700,EMP4701,40-49
4701,EMP4702,20-29
4702,EMP4703,50-59
4703,EMP4704,30-39
4704,EMP4705,50-59
4705,EMP4706,20-29
4706,EMP4707,30-39
4707,EMP4708,50-59
4708,EMP4709,30-39
4709,EMP4710,50-59
4710,EMP4711,40-49
4711,EMP4712,50-59
4712,EMP4713,20-29
4713,EMP4714,40-49
4714,EMP4715,20-29
4715,EMP4716,50-59
4716,EMP4717,50-59
4717,EMP4718,30-39
4718,EMP4719,40-49
4719,EMP4720,20-29
4720,EMP4721,20-29
4721,EMP4722,20-29
4722,EMP4723,50-59
4723,EMP4724,60-69
4724,EMP4725,60-69
4725,EMP4726,50-59
4726,EMP4727,30-39
4727,EMP4728,40-49
4728,EMP4729,20-29
4729,EMP4730,30-39
4730,EMP4731,40-49
4731,EMP4732,30-39
4732,EMP4733,50-59
4733,EMP4734,30-39
4734,EMP4735,20-29
4735,EMP4736,40-49
4736,EMP4737,30-39
4737,EMP4738,30-39
4738,EMP4739,50-59
4739,EMP4740,30-39
4740,EMP4741,50-59
4741,EMP4742,40-49
4742,EMP4743,60-69
4743,EMP4744,60-69
4744,EMP4745,40-49
4745,EMP4746,30-39
4746,EMP4747,50-59
4747,EMP4748,50-59
4748,EMP4749,60-69
4749,EMP4750,20-29
4750,EMP4751,30-39
4751,EMP4752,40-49
4752,EMP4753,30-39
4753,EMP4754,50-59
4754,EMP4755,50-59
4755,EMP4756,20-29
4756,EMP4757,30-39
4757,EMP4758,20-29
4758,EMP4759,40-49
4759,EMP4760,20-29
4760,EMP4761,50-59
4761,EMP4762,50-59
4762,EMP4763,50-59
4763,EMP4764,40-49
4764,EMP4765,20-29
4765,EMP4766,20-29
4766,EMP4767,40-49
4767,EMP4768,20-29
4768,EMP4769,50-59
4769,EMP4770,40-49
4770,EMP4771,30-39
4771,EMP4772,20-29
4772,EMP4773,20-29
4773,EMP4774,20-29
4774,EMP4775,20-29
4775,EMP4776,60-69
4776,EMP4777,20-29
4777,EMP4778,40-49
4778,EMP4779,50-59
4779,EMP4780,50-59
4780,EMP4781,30-39
4781,EMP4782,50-59
4782,EMP4783,30-39
4783,EMP4784,50-59
4784,EMP4785,30-39
4785,EMP4786,40-49
4786,EMP4787,20-29
4787,EMP4788,50-59
4788,EMP4789,20-29
4789,EMP4790,30-39
4790,EMP4791,40-49
4791,EMP4792,30-39
4792,EMP4793,30-39
4793,EMP4794,50-59
4794,EMP4795,30-39
4795,EMP4796,50-59
4796,EMP4797,30-39
4797,EMP4798,50-59
4798,EMP4799,30-39
4799,EMP4800,50-59
4800,EMP4801,30-39
4801,EMP4802,20-29
4802,EMP4803,50-59
4803,EMP4804,20-29
4804,EMP4805,40-49
4805,EMP4806,30-39
4806,EMP4807,20-29
4807,EMP4808,30-39
4808,EMP4809,50-59
4809,EMP4810,30-39
4810,EMP4811,40-49
4811,EMP4812,50-59
4812,EMP4813,40-49
4813,EMP4814,40-49
4814,EMP4815,40-49
4815,EMP4816,50-59
4816,EMP4817,20-29
4817,EMP4818,30-39
4818,EMP4819,50-59
4819,EMP4820,50-59
4820,EMP4821,20-29
4821,EMP4822,50-59
4822,EMP4823,30-39
4823,EMP4824,60-69
4824,EMP4825,40-49
4825,EMP4826,20-29
4826,EMP4827,40-49
4827,EMP4828,50-59
4828,EMP4829,20-29
4829,EMP4830,50-59
4830,EMP4831,30-39
4831,EMP4832,50-59
4832,EMP4833,30-39
4833,EMP4834,60-69
4834,EMP4835,40-49
4835,EMP4836,50-59
4836,EMP4837,40-49
4837,EMP4838,40-49
4838,EMP4839,30-39
4839,EMP4840,40-49
4840,EMP4841,40-49
4841,EMP4842,30-39
4842,EMP4843,20-29
4843,EMP4844,40-49
4844,EMP4845,50-59
4845,EMP4846,30-39
4846,EMP4847,30-39
4847,EMP4848,50-59
4848,EMP4849,50-59
4849,EMP4850,30-39
4850,EMP4851,30-39
4851,EMP4852,20-29
4852,EMP4853,40-49
4853,EMP4854,40-49
4854,EMP4855,20-29
4855,EMP4856,50-59
4856,EMP4857,30-39
4857,EMP4858,30-39
4858,EMP4859,20-29
4859,EMP4860,20-29
4860,EMP4861,30-39
4861,EMP4862,20-29
4862,EMP4863,40-49
4863,EMP4864,50-59
4864,EMP4865,20-29
4865,EMP4866,50-59
4866,EMP4867,30-39
4867,EMP4868,30-39
4868,EMP4869,30-39
4869,EMP4870,40-49
4870,EMP4871,40-49
4871,EMP4872,30-39
4872,EMP4873,50-59
4873,EMP4874,40-49
4874,EMP4875,30-39
4875,EMP4876,20-29
4876,EMP4877,50-59
4877,EMP4878,20-29
4878,EMP4879,30-39
4879,EMP4880,30-39
4880,EMP4881,40-49
4881,EMP4882,30-39
4882,EMP4883,20-29
4883,EMP4884,20-29
4884,EMP4885,20-29
4885,EMP4886,20-29
4886,EMP4887,40-49
4887,EMP4888,40-49
4888,EMP4889,30-39
4889,EMP4890,50-59
4890,EMP4891,50-59
4891,EMP4892,30-39
4892,EMP4893,40-49
4893,EMP4894,30-39
4894,EMP4895,30-39
4895,EMP4896,50-59
4896,EMP4897,50-59
4897,EMP4898,50-59
4898,EMP4899,50-59
4899,EMP4900,50-59
4900,EMP4901,30-39
4901,EMP4902,40-49
4902,EMP4903,20-29
4903,EMP4904,50-59
4904,EMP4905,20-29
4905,EMP4906,30-39
4906,EMP4907,50-59
4907,EMP4908,20-29
4908,EMP4909,50-59
4909,EMP4910,30-39
4910,EMP4911,20-29
4911,EMP4912,30-39
4912,EMP4913,40-49
4913,EMP4914,50-59
4914,EMP4915,20-29
4915,EMP4916,50-59
4916,EMP4917,60-69
4917,EMP4918,20-29
4918,EMP4919,20-29
4919,EMP4920,20-29
4920,EMP4921,50-59
4921,EMP4922,20-29
4922,EMP4923,30-39
4923,EMP4924,40-49
4924,EMP4925,20-29
4925,EMP4926,40-49
4926,EMP4927,30-39
4927,EMP4928,30-39
4928,EMP4929,30-39
4929,EMP4930,30-39
4930,EMP4931,50-59
4931,EMP4932,60-69
4932,EMP4933,30-39
4933,EMP4934,30-39
4934,EMP4935,30-39
4935,EMP4936,50-59
4936,EMP4937,40-49
4937,EMP4938,20-29
4938,EMP4939,20-29
4939,EMP4940,50-59
4940,EMP4941,20-29
4941,EMP4942,40-49
4942,EMP4943,20-29
4943,EMP4944,50-59
4944,EMP4945,30-39
4945,EMP4946,50-59
4946,EMP4947,20-29
4947,EMP4948,30-39
4948,EMP4949,40-49
4949,EMP4950,40-49
4950,EMP4951,50-59
4951,EMP4952,20-29
4952,EMP4953,30-39
4953,EMP4954,40-49
4954,EMP4955,20-29
4955,EMP4956,60-69
4956,EMP4957,20-29
4957,EMP4958,40-49
4958,EMP4959,20-29
4959,EMP4960,30-39
4960,EMP4961,40-49
4961,EMP4962,50-59
4962,EMP4963,50-59
4963,EMP4964,40-49
4964,EMP4965,20-29
4965,EMP4966,30-39
4966,EMP4967,20-29
4967,EMP4968,40-49
4968,EMP4969,30-39
4969,EMP4970,30-39
4970,EMP4971,40-49
4971,EMP4972,50-59
4972,EMP4973,50-59
4973,EMP4974,40-49
4974,EMP4975,40-49
4975,EMP4976,40-49
4976,EMP4977,50-59
4977,EMP4978,40-49
4978,EMP4979,50-59
4979,EMP4980,20-29
4980,EMP4981,50-59
4981,EMP4982,50-59
4982,EMP4983,30-39
4983,EMP4984,30-39
4984,EMP4985,50-59
4985,EMP4986,30-39
4986,EMP4987,30-39
4987,EMP4988,30-39
4988,EMP4989,50-59
4989,EMP4990,50-59
4990,EMP4991,50-59
4991,EMP4992,60-69
4992,EMP4993,50-59
4993,EMP4994,30-39
4994,EMP4995,40-49
4995,EMP4996,30-39
4996,EMP4997,30-39
4997,EMP4998,40-49
4998,EMP4999,20-29
4999,EMP5000,20-29
